Date,Open,High,Low,Last,Close,Total Trade
10/8/2022,1467.589966,1474.089966,1448.51001,1453.699951,1453.699951,22753400
10/5/2022,1453.660034,1464.939941,1438.530029,1439.180054,1439.180054,20434100
10/4/2022,1441.349976,1481.369995,1441.349976,1481.050049,1481.050049,16873900
10/3/2022,1483.400024,1492.140015,1466.469971,1470.579956,1470.579956,16173200
10/1/2022,1468.040039,1472.670044,1443.48999,1451.150024,1451.150024,13921400
9/28/2022,1453.089966,1462.180054,1443.98999,1458.73999,1458.73999,18067500
9/27/2022,1456.699951,1456.699951,1430.420044,1433.27002,1433.27002,11043700
9/26/2022,1434.51001,1452.640015,1419.280029,1439.699951,1439.699951,19661500
9/25/2022,1434.709961,1436.400024,1415.640015,1416.77002,1416.77002,14012900
9/24/2022,1417.619995,1440.859985,1417.619995,1440.699951,1440.699951,5471900
9/21/2022,1440.73999,1446.089966,1406.099976,1407.219971,1407.219971,13566600
9/19/2022,1409.589966,1429.48999,1407.430054,1428.22998,1428.22998,17791100
9/18/2022,1432.949951,1471.619995,1432.949951,1469.02002,1469.02002,15817100
9/17/2022,1467.410034,1473.810059,1458.359985,1469.719971,1469.719971,12403500
9/14/2022,1471.829956,1488.939941,1470.890015,1481.140015,1481.140015,15775200
9/12/2022,1479.630005,1481.160034,1470.079956,1472.420044,1472.420044,8641500
9/11/2022,1471.339966,1471.339966,1460.660034,1462.790039,1462.790039,8455100
9/10/2022,1465.219971,1486.089966,1465.219971,1485.01001,1485.01001,8410700
9/7/2022,1484.589966,1508.02002,1482.189941,1507.339966,1507.339966,9808100
9/6/2022,1508.599976,1510.630005,1502.660034,1504.660034,1504.660034,7696400
9/5/2022,1505.109985,1518.27002,1504.959961,1515.959961,1515.959961,7704600
9/4/2022,1516.680054,1523.569946,1475.98999,1477.650024,1477.650024,12265900
9/3/2022,1487.579956,1511.959961,1468.22998,1486.589966,1486.589966,12305800
8/31/2022,1483.27002,1489.400024,1469.209961,1488.410034,1488.410034,10071500
8/30/2022,1486.189941,1486.670044,1467.780029,1467.949951,1467.949951,7339600
8/29/2022,1465.050049,1465.050049,1445.430054,1445.900024,1445.900024,10961000
8/28/2022,1445.920044,1460.160034,1435.650024,1454.97998,1454.97998,14319000
8/27/2022,1454.699951,1464.420044,1445.310059,1453,1453,8833300
8/24/2022,1456.420044,1461.530029,1447.219971,1460.119995,1460.119995,8835500
8/23/2022,1463.189941,1485.400024,1463.189941,1484.459961,1484.459961,10753200
8/21/2022,1484.550049,1497.630005,1484.550049,1496.449951,1496.449951,3253500
8/20/2022,1495.119995,1498.849976,1488.199951,1497.660034,1497.660034,5054900
8/17/2022,1495.050049,1495.050049,1475.859985,1476.27002,1476.27002,5879100
8/16/2022,1479.829956,1488.01001,1471.699951,1478.48999,1478.48999,5120200
8/14/2022,1475.25,1475.829956,1465.130005,1468.359985,1468.359985,4747600
8/13/2022,1467.969971,1471.77002,1442.069946,1447.160034,1447.160034,8605100
8/10/2022,1447.550049,1456.800049,1443.72998,1447.160034,1447.160034,6498400
8/9/2022,1444.01001,1444.01001,1411.189941,1411.630005,1411.630005,10708800
8/8/2022,1414.069946,1423.869995,1403.449951,1416.180054,1416.180054,12793900
8/7/2022,1415.709961,1430.280029,1388.300049,1390.189941,1390.189941,10667500
8/6/2022,1390.25,1409.189941,1378.699951,1409.130005,1409.130005,13465900
8/3/2022,1406.780029,1429.089966,1395.310059,1420.329956,1420.329956,12655700
8/2/2022,1419.910034,1419.910034,1394.829956,1401.02002,1401.02002,9944000
8/1/2022,1402.910034,1417.890015,1402.910034,1416.25,1416.25,8886100
7/31/2022,1411.880005,1411.880005,1380.599976,1380.949951,1380.949951,11125200
7/30/2022,1377.410034,1391.98999,1364.27002,1373.199951,1373.199951,21098800
7/27/2022,1374.790039,1377.719971,1330.670044,1333.25,1333.25,16417100
7/26/2022,1333.900024,1350.280029,1312.51001,1325.189941,1325.189941,17062100
7/25/2022,1312.939941,1322.089966,1274.290039,1310.5,1310.5,18983900
7/24/2022,1310.410034,1339.089966,1270.050049,1338.599976,1338.599976,33897400
7/23/2022,1340.130005,1355.150024,1334.310059,1352.069946,1352.069946,18782900
7/20/2022,1357.319946,1368.560059,1327.5,1330.609985,1330.609985,13918000
7/19/2022,1330.699951,1353.969971,1322.26001,1353.959961,1353.959961,11621700
7/18/2022,1355.939941,1364.930054,1350.189941,1362.300049,1362.300049,12553400
7/17/2022,1362.219971,1385.859985,1352.949951,1355.810059,1355.810059,15863300
7/16/2022,1351.97998,1385.619995,1334.079956,1378.550049,1378.550049,29712800
7/13/2022,1378.599976,1396.02002,1375.930054,1395.420044,1395.420044,35165700
7/12/2022,1395.380005,1395.380005,1379.689941,1380.819946,1380.819946,26287800
7/11/2022,1380.280029,1380.280029,1336.640015,1336.640015,1336.640015,22384100
7/10/2022,1339.47998,1351.959961,1324.339966,1326.449951,1326.449951,15257500
7/9/2022,1324.01001,1347.160034,1316.75,1336.910034,1336.910034,15841900
7/6/2022,1336.880005,1341.219971,1321.060059,1331.290039,1331.290039,13644100
7/5/2022,1331.920044,1341.400024,1320.319946,1339.130005,1339.130005,11640300
7/4/2022,1340.550049,1362.099976,1339.359985,1348.859985,1348.859985,13311200
7/3/2022,1353.119995,1369.22998,1350.780029,1367.209961,1367.209961,13236100
7/2/2022,1367.329956,1368.160034,1347.310059,1348.859985,1348.859985,12940400
6/29/2022,1347.52002,1350,1338.130005,1349.98999,1349.98999,10469700
6/28/2022,1355.859985,1367.280029,1345.050049,1348.780029,1348.780029,12688000
6/27/2022,1348.390015,1363.709961,1336.550049,1360.030029,1360.030029,13311000
6/26/2022,1362.209961,1367.939941,1339.339966,1342.530029,1342.530029,11344200
6/25/2022,1344.219971,1354.300049,1327.040039,1353.109985,1353.109985,11020700
6/22/2022,1352.75,1374.359985,1346.030029,1371.800049,1371.800049,16728800
6/21/2022,1371.76001,1387.339966,1363.290039,1381.290039,1381.290039,46528000
6/20/2022,1378.949951,1388.339966,1372,1380.02002,1380.02002,20223500
6/19/2022,1378.160034,1378.160034,1363.160034,1367.680054,1367.680054,13160600
6/18/2022,1364.069946,1364.069946,1325.420044,1330.630005,1330.630005,18831900
6/15/2022,1330.449951,1335.130005,1320.040039,1331.339966,1331.339966,15093800
6/14/2022,1329.579956,1331.030029,1307.390015,1326.75,1326.75,27216100
6/13/2022,1327.689941,1344.189941,1320.219971,1333.699951,1333.699951,14858300
6/12/2022,1332.199951,1332.199951,1303.420044,1304.339966,1304.339966,14925200
6/11/2022,1301.530029,1313.23999,1282.430054,1293.369995,1293.369995,16127400
6/8/2022,1293.160034,1295.01001,1272.660034,1273.369995,1273.369995,15959200
6/7/2022,1274.400024,1320.650024,1274.400024,1320.650024,1320.650024,17636100
6/6/2022,1321.130005,1333.26001,1307.859985,1308.77002,1308.77002,13290400
6/5/2022,1305.26001,1321.680054,1282.109985,1315.47998,1315.47998,15437700
6/4/2022,1316.050049,1321.469971,1274.859985,1288.140015,1288.140015,13135600
6/1/2022,1283.209961,1287.5,1256.97998,1276.599976,1276.599976,15760600
5/31/2022,1277.160034,1330.73999,1277.160034,1330.73999,1330.73999,14459900
5/30/2022,1330.969971,1341.51001,1298.420044,1298.420044,1298.420044,12345600
5/29/2022,1299.670044,1330.670044,1295.219971,1329.51001,1329.51001,19806900
5/28/2022,1330.290039,1359.680054,1330.290039,1349.880005,1349.880005,13513400
5/25/2022,1349.069946,1357.469971,1341.209961,1352.98999,1352.98999,11651500
5/24/2022,1352.449951,1352.449951,1336.410034,1341.130005,1341.130005,10440900
5/23/2022,1340.339966,1345.619995,1325.660034,1325.76001,1325.76001,11652700
5/22/2022,1327.02002,1334.869995,1312.949951,1315.219971,1315.219971,8743600
5/21/2022,1315.920044,1328.52002,1312.810059,1322.699951,1322.699951,8883900
5/18/2022,1326.410034,1370.180054,1326.410034,1370.180054,1370.180054,12174000
5/17/2022,1369.959961,1377.949951,1361.550049,1367.530029,1367.530029,11986000
5/16/2022,1365.689941,1375.660034,1358.680054,1369.310059,1369.310059,13543200
5/15/2022,1369.849976,1380.910034,1362.829956,1370.400024,1370.400024,11782600
5/14/2022,1373.689941,1386.73999,1369.02002,1372.540039,1372.540039,11875100
5/11/2022,1370.160034,1370.160034,1360.619995,1365.540039,1365.540039,9084900
5/10/2022,1365.5,1368.390015,1349.969971,1354.48999,1354.48999,12084100
5/9/2022,1355.369995,1367.23999,1350.109985,1360.550049,1360.550049,10134600
5/8/2022,1357.97998,1357.97998,1331.209961,1332.829956,1332.829956,8331000
5/7/2022,1332.199951,1335.640015,1326.160034,1328.319946,1328.319946,7677500
5/4/2022,1331.719971,1337.719971,1324.349976,1334.430054,1334.430054,9146000
5/3/2022,1337.02002,1365.48999,1337.02002,1364.709961,1364.709961,15246100
5/2/2022,1363.369995,1368.599976,1357.25,1365.560059,1365.560059,26679200
4/30/2022,1369,1395.900024,1369,1390.329956,1390.329956,36434700
4/27/2022,1387.719971,1390.22998,1379.25,1388.170044,1388.170044,14864500
4/26/2022,1386.430054,1386.430054,1369.839966,1375.939941,1375.939941,15861100
4/25/2022,1378.400024,1387.869995,1372.23999,1379.930054,1379.930054,9833100
4/24/2022,1380.52002,1397.719971,1371.089966,1388.819946,1388.819946,8261900
4/23/2022,1387.880005,1399.109985,1379.97998,1397.839966,1397.839966,8320400
4/20/2022,1397.959961,1402.900024,1394.400024,1396.369995,1396.369995,8009100
4/19/2022,1395.609985,1397,1386.699951,1390.939941,1390.939941,8683300
4/18/2022,1391.219971,1404.569946,1384.25,1385.589966,1385.589966,15790100
4/17/2022,1385.969971,1410.069946,1383.069946,1409.339966,1409.339966,13192300
4/16/2022,1409.160034,1422.719971,1406.25,1413.900024,1413.900024,13983600
4/13/2022,1415.339966,1415.339966,1404.369995,1407.48999,1407.48999,12549400
4/12/2022,1405.599976,1421.569946,1397.099976,1418.26001,1418.26001,9249300
4/11/2022,1417.48999,1419.540039,1391.160034,1392.569946,1392.569946,13212700
4/10/2022,1394.290039,1402.349976,1389.390015,1397.680054,1397.680054,10235500
4/9/2022,1394.900024,1394.900024,1384.109985,1388.280029,1388.280029,8960800
4/6/2022,1389.400024,1404.060059,1386.199951,1403.579956,1403.579956,9718000
4/5/2022,1404.400024,1406.300049,1396.26001,1403.040039,1403.040039,10316600
4/4/2022,1405.650024,1420.189941,1405.650024,1408.660034,1408.660034,8742800
4/3/2022,1408.359985,1424.400024,1406.869995,1423.569946,1423.569946,8676700
4/2/2022,1423.890015,1425.819946,1414.349976,1425.349976,1425.349976,8539600
3/28/2022,1425.280029,1440.23999,1421.630005,1426.630005,1426.630005,11197700
3/27/2022,1424.48999,1424.48999,1409.089966,1413.400024,1413.400024,6620500
3/26/2022,1414.060059,1419.119995,1388.810059,1390.709961,1390.709961,12923200
3/23/2022,1390.829956,1399.069946,1390.22998,1394.349976,1394.349976,10142400
3/22/2022,1392.199951,1392.199951,1373.719971,1375.930054,1375.930054,8854100
3/21/2022,1375.969971,1387.400024,1373.069946,1385.349976,1385.349976,7723200
3/20/2022,1386.540039,1391.25,1378.160034,1390.839966,1390.839966,8092600
3/19/2022,1390.5,1406.319946,1388.589966,1398.26001,1398.26001,9680300
3/16/2022,1398.359985,1404.459961,1398.079956,1400.380005,1400.380005,6443900
3/15/2022,1399.619995,1399.619995,1377.790039,1385.670044,1385.670044,7341000
3/14/2022,1386.420044,1393.119995,1370.119995,1377.650024,1377.650024,8601900
3/13/2022,1376.26001,1388.180054,1371.73999,1377.199951,1377.199951,6719600
3/12/2022,1377.47998,1404.050049,1377.47998,1404.050049,1404.050049,7825500
3/9/2022,1400.060059,1400.060059,1359.900024,1360.680054,1360.680054,9459500
3/8/2022,1360.829956,1370.630005,1350.619995,1361.76001,1361.76001,10566000
3/7/2022,1358.97998,1366.839966,1351.560059,1358.439941,1358.439941,7307400
3/6/2022,1357.089966,1357.089966,1335.469971,1335.48999,1335.48999,7618100
3/5/2022,1335.780029,1353.030029,1331.290039,1339.869995,1339.869995,10972200
3/1/2022,1341.810059,1360.030029,1341.709961,1360.030029,1360.030029,12356400
2/28/2022,1358.849976,1364.699951,1352.069946,1360.140015,1360.140015,7078500
2/27/2022,1360.709961,1366.589966,1350.540039,1350.930054,1350.930054,6918800
2/26/2022,1349.589966,1349.589966,1333.400024,1337.810059,1337.810059,6755600
2/23/2022,1336.890015,1347.660034,1330.5,1342.829956,1342.829956,11354800
2/22/2022,1341.02002,1341.02002,1314.459961,1317.930054,1317.930054,11954200
2/21/2022,1319.77002,1323.780029,1315.310059,1318,1318,7264500
2/20/2022,1317.22998,1326.02002,1304.420044,1314.290039,1314.290039,9335800
2/19/2022,1314.540039,1335.630005,1314.540039,1321.969971,1321.969971,8236100
2/16/2022,1316.290039,1316.290039,1283.150024,1283.150024,1283.150024,11307600
2/15/2022,1283.599976,1289.449951,1272,1278.380005,1278.380005,10884100
2/14/2022,1278.060059,1290.310059,1274.859985,1280,1280,7523000
2/12/2022,1276.689941,1285.310059,1260.680054,1284.910034,1284.910034,9909800
2/9/2022,1285.819946,1292.170044,1261.51001,1261.52002,1261.52002,8437500
2/8/2022,1262.959961,1271.47998,1252.01001,1262.900024,1262.900024,4796100
2/7/2022,1262.900024,1273.949951,1240.680054,1252.310059,1252.310059,8501800
2/6/2022,1251.839966,1274.170044,1242.839966,1273.699951,1273.699951,9854900
2/5/2022,1273.380005,1277.359985,1244.569946,1244.689941,1244.689941,8299600
2/2/2022,1245.25,1257.650024,1236.76001,1253.390015,1253.390015,8654700
2/1/2022,1248.660034,1257.27002,1225.349976,1239.48999,1239.48999,9952800
1/31/2022,1241.609985,1253.5,1225.01001,1228.300049,1228.300049,8840700
1/30/2022,1226.829956,1234.349976,1200.439941,1214.910034,1214.910034,12129800
1/29/2022,1214.650024,1245.52002,1211.390015,1245.359985,1245.359985,9474900
1/25/2022,1246.310059,1262.310059,1241.48999,1260.319946,1260.319946,17557200
1/24/2022,1258.219971,1262.22998,1251.810059,1260.680054,1260.680054,22562200
1/23/2022,1261.819946,1267.73999,1255.699951,1260,1260,11791100
1/22/2022,1257.079956,1277.420044,1248.829956,1277,1277,9373600
1/19/2022,1278.869995,1291.170044,1276.060059,1282.189941,1282.189941,9778400
1/18/2022,1283.219971,1283.219971,1251.47998,1252.540039,1252.540039,7074700
1/17/2022,1253.51001,1263.22998,1251.75,1257.76001,1257.76001,6360600
1/16/2022,1257.76001,1260.089966,1234.369995,1234.369995,1234.369995,6313600
1/15/2022,1236.380005,1263.199951,1236.380005,1263.199951,1263.199951,5599900
1/12/2022,1264.52002,1284.329956,1264.52002,1284.26001,1284.26001,6974400
1/11/2022,1281.369995,1284.930054,1265.969971,1267.380005,1267.380005,5724400
1/10/2022,1269.420044,1270.52002,1254.540039,1260.310059,1260.310059,6009700
1/9/2022,1253.27002,1260.48999,1247.449951,1249.01001,1249.01001,4969000
1/8/2022,1254.869995,1284.880005,1254.670044,1284.880005,1284.880005,7161800
1/5/2022,1283.98999,1291.670044,1276,1289.189941,1289.189941,6744800
1/4/2022,1286.51001,1286.51001,1264.290039,1266.069946,1266.069946,5542000
1/3/2022,1266.290039,1297.849976,1262.109985,1296.319946,1296.319946,7471100
1/2/2022,1294.420044,1313.150024,1291.410034,1305.319946,1305.319946,8470100
1/1/2022,1304.790039,1304.790039,1285.640015,1289.589966,1289.589966,5505800
12/29/2021,1288.640015,1294.030029,1274.859985,1285.829956,1285.829956,7243700
12/28/2021,1282.109985,1300.109985,1276.839966,1292.930054,1292.930054,5831300
12/27/2021,1293.849976,1302.050049,1290.73999,1298.199951,1298.199951,7084300
12/26/2021,1298.140015,1300.219971,1274.51001,1278.599976,1278.599976,6661100
12/22/2021,1276.650024,1276.650024,1263.109985,1266.689941,1266.689941,6086900
12/21/2021,1267.339966,1276.01001,1261.160034,1274.540039,1274.540039,7956200
12/20/2021,1271.069946,1281.400024,1265.219971,1277.719971,1277.719971,7021100
12/19/2021,1277.589966,1293.089966,1277.589966,1292.199951,1292.199951,4589800
12/18/2021,1290.469971,1290.469971,1264.869995,1266.839966,1266.839966,4024500
12/15/2021,1267.030029,1275.650024,1263.209961,1271.51001,1271.51001,6609700
12/14/2021,1271.290039,1285.050049,1270.030029,1281.660034,1281.660034,8765400
12/13/2021,1283.790039,1300.680054,1283.790039,1300.680054,1300.680054,6053300
12/12/2021,1296.48999,1297.589966,1282.73999,1282.829956,1282.829956,7688700
12/11/2021,1287.829956,1303.040039,1272.199951,1277.579956,1277.579956,12210700
12/8/2021,1276.609985,1280.599976,1265.589966,1274.97998,1274.97998,8620500
12/7/2021,1271.800049,1271.800049,1232.829956,1236.829956,1236.829956,9687300
12/6/2021,1233.209961,1244.939941,1217.22998,1242.310059,1242.310059,9059500
12/5/2021,1249.5,1274.420044,1247.119995,1267.790039,1267.790039,18017700
12/4/2021,1267.97998,1268.660034,1224.51001,1224.51001,1224.51001,14444700
12/1/2021,1227.5,1243.900024,1221.599976,1232.040039,1232.040039,12441100
11/30/2021,1229.040039,1249.97998,1211.540039,1249.050049,1249.050049,12929800
11/29/2021,1245.880005,1255.089966,1233.810059,1251.699951,1251.699951,12043900
11/28/2021,1250.920044,1250.920044,1192.699951,1192.699951,1192.699951,13121600
11/27/2021,1188.310059,1214.839966,1169.280029,1213.599976,1213.599976,13967400
11/24/2021,1210.339966,1210.339966,1155.880005,1156.390015,1156.390015,18235500
11/23/2021,1157.079956,1211.140015,1133.5,1206.51001,1206.51001,17161600
11/22/2021,1213.109985,1265.119995,1213.109985,1255.079956,1255.079956,19991900
11/21/2021,1255.369995,1255.369995,1205.609985,1207.089966,1207.089966,8805700
11/20/2021,1207.609985,1221.150024,1187.060059,1188.219971,1188.219971,10397900
11/17/2021,1188.790039,1197.410034,1179.790039,1185.869995,1185.869995,8475500
11/16/2021,1187.869995,1220.030029,1187.869995,1209.180054,1209.180054,10030500
11/15/2021,1204.469971,1215.77002,1187.540039,1213.27002,1213.27002,10574400
11/14/2021,1209.069946,1209.069946,1106.420044,1106.420044,1106.420044,21504200
11/13/2021,1113.780029,1168.030029,1113.780029,1166.359985,1166.359985,6166400
11/10/2021,1164.170044,1167.030029,1140.77002,1161.060059,1161.060059,12457100
11/9/2021,1160.640015,1160.640015,1111.430054,1114.280029,1114.280029,11957800
11/8/2021,1115.160034,1153.819946,1098.140015,1099.22998,1099.22998,15969800
11/7/2021,1097.560059,1097.560059,1007.969971,1056.890015,1056.890015,22418700
11/6/2021,1057.599976,1072.910034,996.22998,996.22998,996.22998,22086600
11/3/2021,988.909973,1021.059998,970.969971,984.940002,984.940002,23629100
11/2/2021,988.419983,1005.25,909.190002,909.919983,909.919983,16133800
11/1/2021,902.309998,936.359985,839.799988,899.219971,899.219971,21174400
10/31/2021,912.75,1006.929993,912.75,1003.349976,1003.349976,17793100
10/30/2021,1009.969971,1044.310059,972.070007,998.01001,998.01001,15554000
10/27/2021,994.599976,994.599976,903.98999,907.840027,907.840027,13429300
10/26/2021,909.530029,947.710022,865.830017,946.429993,946.429993,32446900
10/25/2021,942.289978,984.640015,918.73999,940.549988,940.549988,28469900
10/24/2021,943.51001,985.400024,943.51001,985.400024,985.400024,13493200
10/23/2021,980.400024,985.440002,952.469971,955.049988,955.049988,11552400
10/19/2021,951.669983,951.669983,875.809998,896.780029,896.780029,13106800
10/18/2021,899.080017,922.830017,858.440002,908.109985,908.109985,12944800
10/17/2021,895.219971,896.299988,852.849976,876.77002,876.77002,14703200
10/16/2021,874.280029,893.780029,846.75,848.919983,848.919983,12388900
10/13/2021,848.919983,940.51001,845.27002,940.51001,940.51001,16194500
10/12/2021,939.51001,969.969971,922.26001,930.090027,930.090027,19493600
10/11/2021,939.380005,963.22998,928.5,954.090027,954.090027,15961800
10/10/2021,953.109985,984.380005,944.590027,968.75,968.75,14831700
10/9/2021,968.669983,975.570007,958.820007,966.299988,966.299988,11897000
10/6/2021,971.309998,1007.51001,971.309998,1005.75,1005.75,14685100
10/5/2021,1001.840027,1001.840027,949.859985,952.77002,952.77002,13879100
10/4/2021,952.400024,952.400024,899.72998,904.880005,904.880005,17132400
10/3/2021,907.440002,931.460022,906.900024,930.98999,930.98999,9353200
9/29/2021,936.75,951.950012,907.469971,919.210022,919.210022,16144000
9/28/2021,917.150024,917.150024,884.900024,898.950012,898.950012,20272900
9/27/2021,893.390015,893.390015,850.47998,852.299988,852.299988,20082000
9/26/2021,853.130005,913.01001,818.690002,911.289978,911.289978,26442900
9/25/2021,904.359985,916.880005,869.880005,873.289978,873.289978,19015100
9/22/2021,873.22998,882.289978,848.97998,850.75,850.75,15072500
9/21/2021,852.340027,865.900024,826.840027,859.119995,859.119995,16675500
9/20/2021,859.030029,864.570007,806.179993,806.580017,806.580017,15653500
9/19/2021,805.869995,820.52002,747.780029,752.440002,752.440002,19539200
9/18/2021,755.840027,801.200012,741.02002,800.030029,800.030029,20468500
9/15/2021,801.200012,865.599976,801.200012,851.809998,851.809998,20089200
9/14/2021,853.400024,868.940002,834.98999,857.390015,857.390015,21520800
9/13/2021,852.900024,887.679993,841.369995,887.679993,887.679993,12700400
9/12/2021,886.890015,896.25,881.210022,896.23999,896.23999,5125800
9/11/2021,888.609985,888.609985,815.690002,816.210022,816.210022,11410900
9/8/2021,817.940002,850.539978,817.940002,848.809998,848.809998,11667700
9/7/2021,843.599976,873.119995,827.599976,870.73999,870.73999,11797700
9/6/2021,869.75,875.599976,833.599976,845.219971,845.219971,9763400
9/5/2021,844.429993,879.419983,818.409973,876.070007,876.070007,13029300
9/4/2021,882.710022,918.570007,882.710022,909.700012,909.700012,16272300
9/1/2021,906.47998,916.26001,885.380005,888.669983,888.669983,13766000
8/31/2021,892.169983,908.27002,885.450012,899.23999,899.23999,10463500
8/30/2021,898.349976,904.630005,868.72998,873.590027,873.590027,12346000
8/29/2021,871.789978,883.23999,851.349976,879.72998,879.72998,11432700
8/28/2021,881.070007,884.630005,857.719971,868.570007,868.570007,13462300
8/24/2021,871.530029,914.659973,871.530029,913.179993,913.179993,14105000
8/23/2021,908.159973,918.849976,895.940002,904.419983,904.419983,11567800
8/22/2021,905.97998,911.02002,877.440002,885.280029,885.280029,9517400
8/21/2021,886.960022,905.469971,883.02002,887.880005,887.880005,11213900
8/18/2021,887.200012,887.369995,857.090027,871.630005,871.630005,7827300
8/17/2021,874.309998,880.440002,860.099976,863.159973,863.159973,7547800
8/16/2021,863.869995,869.789978,861.440002,868.150024,868.150024,3839100
8/14/2021,869.51001,873.73999,866.52002,872.799988,872.799988,3914200
8/11/2021,872.369995,873.700012,857.070007,869.419983,869.419983,7396300
8/10/2021,870.580017,891.119995,870.580017,890.640015,890.640015,7679300
8/9/2021,890.590027,910.320007,889.669983,903.25,903.25,5767800
8/8/2021,902.98999,934.72998,899.349976,931.799988,931.799988,7213700
8/7/2021,929.169983,936.630005,919.530029,927.450012,927.450012,9768200
8/4/2021,931.169983,943.849976,927.280029,934.700012,934.700012,12837500
8/3/2021,927.450012,927.450012,902.369995,906.650024,906.650024,8980000
8/2/2021,905.72998,910,896.809998,909.72998,909.72998,7194100
8/1/2021,909.909973,911.929993,888.309998,890.349976,890.349976,8672300
7/31/2021,890.400024,890.400024,864.320007,870.26001,870.26001,6601900
7/28/2021,869.789978,877.02002,862.02002,871.789978,871.789978,8856100
7/27/2021,867.280029,867.280029,836.929993,842.619995,842.619995,10924800
7/26/2021,841.98999,851.590027,817.039978,843.73999,843.73999,11857100
7/25/2021,844.450012,858.130005,830.659973,850.119995,850.119995,10438300
7/24/2021,849.640015,849.640015,804.469971,805.219971,805.219971,10086300
7/21/2021,806.77002,841.719971,804.299988,840.23999,840.23999,9839100
7/20/2021,839.73999,839.73999,811.289978,827.5,827.5,16517400
7/19/2021,822.159973,838.609985,806.070007,831.950012,831.950012,21444100
7/18/2021,832.5,852.530029,827.690002,836.570007,836.570007,9212100
7/17/2021,837.299988,850.450012,835.400024,845.710022,845.710022,9844700
7/14/2021,845.72998,877.859985,845.72998,874.090027,874.090027,15367400
7/13/2021,868.890015,868.890015,844.150024,845.140015,845.140015,14553000
7/12/2021,845.690002,851.659973,821.669983,825.880005,825.880005,9334600
7/11/2021,823.090027,830.780029,812.869995,825.440002,825.440002,10403300
7/10/2021,825.690002,842.599976,821.97998,838.51001,838.51001,13099800
7/7/2021,837.77002,851.849976,829.179993,832.22998,832.22998,13621100
7/6/2021,831.75,850.549988,819.909973,845.849976,845.849976,14514200
7/5/2021,846.090027,870.75,845.419983,868.599976,868.599976,14062100
7/4/2021,868.23999,875.01001,861.650024,869.890015,869.890015,9944600
7/3/2021,866.869995,868.049988,822.98999,827.159973,827.159973,14193100
6/30/2021,827.409973,838.219971,822.299988,833.73999,833.73999,10452700
6/29/2021,829.909973,835.47998,808.059998,835.190002,835.190002,11089400
6/28/2021,833.950012,839.429993,825.210022,826.840027,826.840027,8285100
6/27/2021,818.609985,818.609985,789.169983,789.169983,789.169983,11349400
6/23/2021,791.059998,796.169983,780.429993,788.419983,788.419983,12036900
6/22/2021,787.909973,797.580017,777.030029,778.940002,778.940002,9967400
6/21/2021,775.869995,778.690002,754.25,770.049988,770.049988,12421700
6/20/2021,773.25,777.849976,742.369995,743.330017,743.330017,10431700
6/19/2021,744.690002,775.48999,744.690002,773.140015,773.140015,12179600
6/16/2021,770.640015,780.119995,752.890015,764.900024,764.900024,12865300
6/15/2021,765.76001,779.419983,751.75,752.830017,752.830017,11199900
6/14/2021,749.929993,751.27002,734.52002,735.090027,735.090027,10829100
6/13/2021,729.570007,729.570007,699.700012,700.820007,700.820007,11565400
6/12/2021,704.440002,711.669983,692.299988,696.330017,696.330017,13036500
6/9/2021,698.599976,724.119995,698.599976,712.869995,712.869995,15621100
6/8/2021,708.27002,708.27002,677.929993,682.549988,682.549988,13046700
6/7/2021,684.039978,699.090027,666.789978,683.380005,683.380005,14453900
6/6/2021,680.76001,695.27002,672.880005,676.530029,676.530029,12929600
6/5/2021,679.280029,719.599976,679.280029,719.599976,719.599976,13446900
6/2/2021,719.590027,731.919983,713.849976,721.359985,721.359985,11835300
6/1/2021,720.890015,752.630005,714.76001,750.73999,750.73999,10038100
5/31/2021,751.969971,758.289978,742.460022,756.549988,756.549988,7804900
5/30/2021,758.840027,774.530029,753.369995,753.890015,753.890015,9883700
5/29/2021,753.880005,778.119995,749.929993,778.119995,778.119995,9415500
5/26/2021,776.01001,803.039978,765.640015,794.349976,794.349976,10014300
5/25/2021,797.919983,803.23999,781.820007,784.039978,784.039978,8214100
5/24/2021,784.580017,788.909973,766.200012,768.539978,768.539978,9466300
5/23/2021,772.309998,823.369995,772.309998,822.919983,822.919983,8534400
5/22/2021,820.599976,823.650024,805.47998,806.119995,806.119995,7632300
5/19/2021,806.809998,826.780029,791.369995,813.880005,813.880005,8663900
5/18/2021,814.059998,832.97998,814.059998,832.859985,832.859985,11994500
5/17/2021,828.679993,828.679993,813.429993,815.940002,815.940002,6638900
5/16/2021,809.070007,809.070007,779.809998,787.530029,787.530029,6182000
5/15/2021,790.880005,810.47998,790.880005,797.869995,797.869995,7303200
5/12/2021,793.590027,813.619995,783.320007,811.080017,811.080017,6595700
5/11/2021,814.530029,845.609985,814.530029,834.380005,834.380005,8967000
5/10/2021,835.130005,842.5,826.700012,842.5,842.5,7572000
5/9/2021,839.75,839.75,822.789978,835.47998,835.47998,6554000
5/8/2021,834.119995,834.119995,814.530029,815.549988,815.549988,7352800
5/5/2021,816.76001,828.419983,814.840027,825.159973,825.159973,5524800
5/4/2021,829.289978,856.909973,829.289978,856.559998,856.559998,6758400
5/3/2021,855.330017,864.309998,845.349976,858.72998,858.72998,6094000
5/2/2021,856.880005,856.880005,840.25,841.5,841.5,6850300
4/28/2021,839.440002,852.929993,835.580017,852.059998,852.059998,9851500
4/27/2021,854.539978,870.349976,847.039978,865.299988,865.299988,20349800
4/26/2021,865.179993,875.630005,860.869995,869.599976,869.599976,21440100
4/25/2021,868.27002,868.27002,832.390015,832.390015,832.390015,8848900
4/24/2021,831.25,850.090027,826.830017,850.080017,850.080017,7383400
4/21/2021,847.26001,861.780029,840.570007,843.549988,843.549988,6996500
4/20/2021,844.619995,852.869995,835.450012,851.919983,851.919983,5212700
4/19/2021,853.909973,871.799988,853.909973,866.22998,866.22998,6764000
4/18/2021,862.820007,868.830017,854.650024,857.51001,857.51001,4576600
4/17/2021,854.47998,864.47998,847.119995,855.159973,855.159973,5881300
4/13/2021,856.849976,882.059998,856.849976,873.640015,873.640015,7212700
4/12/2021,876.590027,888.700012,868.51001,872.809998,872.809998,8702600
4/11/2021,872.73999,880.47998,866.099976,877.52002,877.52002,4850500
4/10/2021,879.210022,907.849976,879.210022,907.23999,907.23999,6399500
4/7/2021,906.099976,907.700012,897.340027,903.799988,903.799988,4796700
4/6/2021,903.950012,920.280029,903.950012,919.530029,919.530029,5260500
4/5/2021,919.580017,929.580017,901.359985,907.390015,907.390015,5993600
4/3/2021,909.030029,930.169983,909.030029,929.22998,929.22998,7722400
3/31/2021,922.98999,922.98999,908.679993,909.23999,909.23999,5113400
3/30/2021,910.52002,915.570007,896.460022,908.349976,908.349976,7574000
3/29/2021,905.400024,905.400024,882.799988,883.919983,883.919983,5679900
3/28/2021,884.23999,898.359985,882.52002,893.070007,893.070007,5868100
3/27/2021,892.76001,896.969971,878.940002,882.880005,882.880005,6011300
3/24/2021,886.070007,910,886.070007,909.710022,909.710022,6696600
3/23/2021,909.669983,916.390015,905.219971,908.130005,908.130005,5669300
3/22/2021,908.619995,924.599976,901.369995,903.469971,903.469971,4563400
3/21/2021,900.419983,900.419983,879.609985,888.330017,888.330017,5434100
3/20/2021,888.679993,896.650024,883.75,887,887,3433700
3/17/2021,887,911.76001,881.460022,910.330017,910.330017,6202700
3/16/2021,909.950012,913.840027,891.869995,893.059998,893.059998,6062500
3/15/2021,892.960022,909.450012,887.599976,906.830017,906.830017,5332200
3/14/2021,907.02002,920.02002,903.559998,919.140015,919.140015,5291100
3/10/2021,923.26001,947.77002,923.26001,942.869995,942.869995,6638100
3/9/2021,942.869995,949.380005,938.460022,944.73999,944.73999,5241900
3/8/2021,942.51001,942.51001,923.849976,931.76001,931.76001,7058500
3/7/2021,932.48999,942.469971,929.320007,942.460022,942.460022,7268900
3/6/2021,945.669983,951.690002,934.130005,940.090027,940.090027,7354200
3/3/2021,938.119995,946.330017,926.440002,939.140015,939.140015,6191200
3/2/2021,940.349976,946.919983,936.150024,942.429993,942.429993,6503200
3/1/2021,942.72998,949.77002,927.969971,939.150024,939.150024,6711000
2/28/2021,939.039978,956.22998,939.039978,944.890015,944.890015,5724600
2/27/2021,943.440002,946.299988,935.659973,946.210022,946.210022,5830900
2/23/2021,942.450012,942.450012,919.650024,923.719971,923.719971,7466300
2/22/2021,925.599976,928,911.599976,911.969971,911.969971,6093300
2/21/2021,911.890015,918.440002,903.780029,910.710022,910.710022,6973200
2/20/2021,910.859985,921.929993,907.940002,918.369995,918.369995,6164200
2/17/2021,919.960022,927.090027,915.799988,921.22998,921.22998,8509600
2/16/2021,918.130005,918.130005,893.039978,893.039978,893.039978,8240500
2/15/2021,893.460022,898.690002,888.859985,895.099976,895.099976,5793400
2/14/2021,896.309998,910.849976,896.309998,900.940002,900.940002,4910600
2/13/2021,899.450012,921.419983,896.27002,920.26001,920.26001,6082900
2/10/2021,918.840027,922,913.030029,918.900024,918.900024,6506800
2/9/2021,919.859985,927.98999,916.179993,927.22998,927.22998,4334200
2/8/2021,927.150024,930.01001,912.859985,919.320007,919.320007,5182600
2/7/2021,920.820007,931.919983,920.820007,923.330017,923.330017,4616900
2/6/2021,921.23999,921.23999,896.419983,896.419983,896.419983,5030100
2/3/2021,894.27002,898.719971,886.359985,898.719971,898.719971,4520600
2/2/2021,898.599976,898.599976,879.929993,881.030029,881.030029,6512000
2/1/2021,881.900024,886.799988,869.320007,879.559998,879.559998,6875500
1/31/2021,881.280029,887.859985,878.450012,882.679993,882.679993,6544600
1/30/2021,880.030029,883.570007,872.809998,879.130005,879.130005,5847300
1/27/2021,879.570007,901.049988,875.320007,901.049988,901.049988,8083300
1/25/2021,900.77002,905.840027,896.5,905.840027,905.840027,5785800
1/24/2021,910.150024,933.950012,910.150024,932.679993,932.679993,7546400
1/23/2021,930.169983,943.960022,927.450012,940.73999,940.73999,13095800
1/20/2021,940.559998,941.890015,934.650024,940.380005,940.380005,13694400
1/19/2021,942.070007,951.619995,940.98999,951.130005,951.130005,6300600
1/18/2021,951.969971,956.530029,943.219971,954.580017,954.580017,5930400
1/17/2021,953.400024,959.830017,947.75,954.070007,954.070007,5168200
1/16/2021,954.070007,979.419983,953.27002,976.289978,976.289978,6949400
1/13/2021,972.159973,979.789978,965.950012,979.26001,979.26001,7246500
1/12/2021,978.630005,982.48999,972.289978,982.179993,982.179993,5003700
1/11/2021,981.47998,982.349976,969.349976,979.619995,979.619995,5059900
1/10/2021,977.659973,977.76001,968.650024,975.150024,975.150024,3970000
1/9/2021,976.01001,996.679993,976.01001,986.75,986.75,6390800
1/6/2021,986.799988,993.179993,982.849976,987.47998,987.47998,5715000
1/5/2021,990.219971,1003.609985,990.219971,1002.630005,1002.630005,5175400
1/4/2021,1001.409973,1007.119995,996.679993,1005.650024,1005.650024,4774800
1/3/2021,1005.409973,1006.640015,994.309998,1002.719971,1002.719971,4679300
1/2/2021,1004.059998,1008,992.48999,997.080017,997.080017,4217500
12/30/2020,999.830017,1018,999.830017,1010.47998,1010.47998,5081100
12/29/2020,1008.890015,1010.119995,1000.98999,1007.099976,1007.099976,3480500
12/28/2020,1005.77002,1005.77002,992.400024,994.349976,994.349976,3421500
12/27/2020,994,1012.780029,993.359985,1005.809998,1005.809998,4678100
12/26/2020,1005.859985,1013.140015,1000.820007,1012.72998,1012.72998,3986400
12/23/2020,1012.22998,1012.599976,994.599976,1004.090027,1004.090027,3346800
12/22/2020,998.179993,998.179993,978.51001,979.72998,979.72998,5235100
12/21/2020,980.619995,991.200012,980.619995,989.669983,989.669983,4697400
12/20/2020,986.880005,999.609985,980.619995,996.460022,996.460022,4505400
12/19/2020,996.409973,1008.919983,996.390015,1007.369995,1007.369995,7989800
12/16/2020,1009.059998,1027.589966,1009.059998,1026.130005,1026.130005,7113800
12/15/2020,1026.589966,1035.819946,1022.47998,1025.569946,1025.569946,4901800
12/14/2020,1026.630005,1037.75,1026.209961,1028,1028,4677300
12/13/2020,1027.349976,1032.469971,1021.570007,1028.119995,1028.119995,3971600
12/12/2020,1027.810059,1033.329956,1016.200012,1030.97998,1030.97998,3993800
12/9/2020,1031.619995,1039.469971,1023.130005,1028.930054,1028.930054,3539600
12/8/2020,1025.209961,1025.209961,1014.619995,1020.619995,1020.619995,3911800
12/7/2020,1019.52002,1028.449951,996.280029,998.039978,998.039978,5184600
12/6/2020,996.070007,1000.340027,991.969971,994.75,994.75,3605900
12/5/2020,996.119995,1003.429993,992.25,1003.23999,1003.23999,3289100
12/2/2020,1003.840027,1016.47998,1001.650024,1016.400024,1016.400024,2995400
12/1/2020,1018.669983,1026.069946,1018.669983,1025.390015,1025.390015,5308000
11/30/2020,1025.359985,1036.339966,1023.969971,1033.369995,1033.369995,4386400
11/29/2020,1032.98999,1044.140015,1028.040039,1044.140015,1044.140015,5064100
11/28/2020,1043.920044,1048.180054,1038.400024,1042.72998,1042.72998,3801900
11/25/2020,1040.150024,1049.73999,1035,1049.339966,1049.339966,3947400
11/24/2020,1049.030029,1056.040039,1043.420044,1052.630005,1052.630005,4791400
11/23/2020,1053.98999,1068.76001,1052.869995,1068.76001,1068.76001,5165400
11/22/2020,1067.869995,1074.77002,1061.199951,1065.48999,1065.48999,8957200
11/21/2020,1066.599976,1071.52002,1064.27002,1068.300049,1068.300049,6560400
11/18/2020,1067.140015,1067.280029,1057.459961,1064.660034,1064.660034,4228500
11/17/2020,1066.349976,1073.810059,1066.349976,1071.660034,1071.660034,6076300
11/16/2020,1072.689941,1080.150024,1060.390015,1060.869995,1060.869995,5402900
11/15/2020,1062.560059,1066.290039,1045.849976,1050.780029,1050.780029,5050100
11/11/2020,1049.47998,1053.469971,1041.170044,1044.380005,1044.380005,4095100
11/10/2020,1045.380005,1065.130005,1045.380005,1062.97998,1062.97998,3674900
11/9/2020,1063.689941,1069.619995,1057.829956,1060.609985,1060.609985,4194200
11/8/2020,1061.02002,1063.400024,1046.469971,1057.079956,1057.079956,6277100
11/7/2020,1054.910034,1054.910034,1029.449951,1029.849976,1029.849976,5620700
11/4/2020,1029.709961,1030.599976,1019.950012,1025.209961,1025.209961,5196300
11/3/2020,1026.869995,1042.579956,1025.920044,1040.459961,1040.459961,4284900
11/2/2020,1042.02002,1060.550049,1042.02002,1054.719971,1054.719971,5459100
11/1/2020,1053.650024,1058.02002,1050.099976,1057.579956,1057.579956,9738600
10/30/2020,1060.030029,1070.670044,1060.030029,1065.47998,1065.47998,8598900
10/28/2020,1065.280029,1071.51001,1063,1071.48999,1071.48999,5470700
10/27/2020,1071.630005,1079.459961,1071.630005,1076.189941,1076.189941,6637700
10/26/2020,1074.959961,1075.300049,1066.709961,1073.189941,1073.189941,6068700
10/25/2020,1078.680054,1093.170044,1078.680054,1092.02002,1092.02002,6510200
10/24/2020,1090.359985,1096.560059,1086.410034,1096.560059,1096.560059,12188500
10/21/2020,1094.670044,1094.670044,1081.530029,1087.680054,1087.680054,17666100
10/20/2020,1088.219971,1100.170044,1086.47998,1097.910034,1097.910034,6429300
10/19/2020,1098.640015,1098.640015,1086.160034,1091.060059,1091.060059,8079300
10/18/2020,1090.359985,1101.359985,1080.77002,1081.400024,1081.400024,7333800
10/17/2020,1080.959961,1095.209961,1074.310059,1092.910034,1092.910034,4668300
10/14/2020,1095.619995,1095.829956,1075.48999,1079.599976,1079.599976,4780600
10/13/2020,1080.359985,1091.75,1065.22998,1066.949951,1066.949951,5934800
10/10/2020,1067.540039,1072.47998,1060.619995,1063.410034,1063.410034,6426500
10/7/2020,1061.51001,1063.26001,1042.189941,1042.630005,1042.630005,5130400
10/6/2020,1043.689941,1066.829956,1043.689941,1066.109985,1066.109985,5040100
10/5/2020,1065.410034,1065.410034,1033.380005,1036.189941,1036.189941,6930000
10/4/2020,1036.180054,1052.180054,1029.380005,1042.880005,1042.880005,6397700
10/3/2020,1040.920044,1046.359985,1033.939941,1045.410034,1045.410034,4755600
9/30/2020,1047.140015,1061,1045.150024,1046.5,1046.5,4660700
9/29/2020,1047.300049,1066.650024,1047.300049,1066.630005,1066.630005,3691700
9/28/2020,1064.949951,1071.47998,1059.319946,1069.300049,1069.300049,3649700
9/27/2020,1072.310059,1093.189941,1072.310059,1093.079956,1093.079956,5294500
9/26/2020,1091.859985,1096.420044,1087.400024,1093.01001,1093.01001,4457100
9/23/2020,1096.040039,1105.369995,1093.810059,1098.51001,1098.51001,4634700
9/22/2020,1098.310059,1101.969971,1084.900024,1087.23999,1087.23999,3768800
9/21/2020,1087.589966,1097.790039,1085.329956,1093.47998,1093.47998,3330200
9/20/2020,1094.130005,1113.689941,1094.130005,1109.300049,1109.300049,4394000
9/19/2020,1109.219971,1110.52002,1102.189941,1110.319946,1110.319946,3829500
9/16/2020,1109.439941,1111.099976,1102.699951,1109.800049,1109.800049,3096100
9/15/2020,1106.439941,1106.439941,1088.400024,1094.900024,1094.900024,4331600
9/14/2020,1094.660034,1094.660034,1086.810059,1091.380005,1091.380005,4008300
9/12/2020,1094.859985,1112.380005,1094.859985,1106.23999,1106.23999,5089900
9/9/2020,1105.829956,1107.560059,1097.630005,1105.650024,1105.650024,3207100
9/8/2020,1106.48999,1111.180054,1104.75,1110.630005,1110.630005,2919400
9/7/2020,1105.469971,1105.469971,1083.73999,1091.48999,1091.48999,2766400
9/6/2020,1091.069946,1097.23999,1086.25,1095.630005,1095.630005,3446700
9/2/2020,1098.890015,1112.280029,1098.890015,1108.859985,1108.859985,4635900
9/1/2020,1109.030029,1115.579956,1105.290039,1109.23999,1109.23999,3323000
8/31/2020,1110.589966,1117.280029,1098.73999,1099.920044,1099.920044,2854500
8/30/2020,1100.430054,1119.130005,1096.52002,1105.97998,1105.97998,5022100
8/29/2020,1105.52002,1110.719971,1100.829956,1103.25,1103.25,3269100
8/26/2020,1103.040039,1103.040039,1088.609985,1091.939941,1091.939941,3044900
8/25/2020,1091.069946,1097.040039,1085.890015,1095.949951,1095.949951,3558400
8/24/2020,1098.689941,1106.25,1098.689941,1102.349976,1102.349976,3333200
8/23/2020,1103.959961,1108.5,1101.339966,1106.410034,1106.410034,3436500
8/22/2020,1107.839966,1114.76001,1107.839966,1114.109985,1114.109985,3822900
8/19/2020,1114.109985,1114.109985,1105.349976,1107.930054,1107.930054,4556200
8/18/2020,1108.609985,1116.209961,1107.959961,1109.180054,1109.180054,5613100
8/17/2020,1106.359985,1106.359985,1095.880005,1096.079956,1096.079956,5272300
8/16/2020,1097.859985,1103.73999,1093.880005,1102.469971,1102.469971,7055900
8/12/2020,1105.310059,1117.680054,1105.310059,1114.050049,1114.050049,5137200
8/11/2020,1114.51001,1120.27002,1114.51001,1118.02002,1118.02002,3757800
8/10/2020,1118.839966,1121.579956,1116,1120.589966,1120.589966,4141200
8/9/2020,1121.079956,1126.47998,1121.079956,1126.47998,1126.47998,1715600
8/8/2020,1127.530029,1130.380005,1123.51001,1127.780029,1127.780029,3392400
8/5/2020,1128.550049,1130.380005,1126.079956,1126.199951,1126.199951,2846700
8/4/2020,1125.530029,1126.420044,1121.939941,1126.420044,1126.420044,2928200
8/3/2020,1126.599976,1127.640015,1114.810059,1115.099976,1115.099976,2437100
8/2/2020,1116.560059,1133.869995,1116.560059,1132.98999,1132.98999,3908400
8/1/2020,1132.660034,1136.630005,1129.660034,1136.52002,1136.52002,6003300
7/29/2020,1135.709961,1139.189941,1133.949951,1137.140015,1137.140015,7949400
7/28/2020,1136.27002,1142.459961,1131.319946,1141.689941,1141.689941,12815700
7/27/2020,1140.52002,1145.390015,1136.219971,1144.97998,1144.97998,9439100
7/26/2020,1145.959961,1149.73999,1142.02002,1146.97998,1146.97998,14411300
7/25/2020,1143.810059,1143.810059,1131.77002,1136.219971,1136.219971,9696800
7/22/2020,1137.310059,1148.400024,1133.180054,1145.680054,1145.680054,12980200
7/21/2020,1145.680054,1150.410034,1143.800049,1148.459961,1148.459961,8471700
7/20/2020,1147.719971,1147.77002,1131.390015,1136.030029,1136.030029,10858100
7/19/2020,1136.030029,1150.449951,1135.77002,1150.22998,1150.22998,8624700
7/18/2020,1147.949951,1147.949951,1129.25,1138.040039,1138.040039,6494800
7/15/2020,1138.680054,1141.579956,1114.839966,1116.47998,1116.47998,12602700
7/14/2020,1115.48999,1115.48999,1090.180054,1091.76001,1091.76001,13587100
7/13/2020,1092.400024,1102.969971,1092.400024,1096.780029,1096.780029,8830900
7/12/2020,1095.800049,1103.689941,1089.859985,1092.170044,1092.170044,8702200
7/11/2020,1091.939941,1099.51001,1083.109985,1097.5,1097.5,7920800
7/8/2020,1096.930054,1100.219971,1078.459961,1084.530029,1084.530029,6451700
7/7/2020,1087.609985,1096.449951,1071.589966,1073.869995,1073.869995,8272700
7/5/2020,1073.890015,1089.380005,1073.890015,1089.189941,1089.189941,4497000
7/4/2020,1090.050049,1104.72998,1087.959961,1103.319946,1103.319946,8184200
7/1/2020,1100.670044,1102.719971,1093.969971,1097.280029,1097.280029,5992200
6/30/2020,1097.25,1097.25,1062.780029,1063.109985,1063.109985,6748600
6/29/2020,1064.119995,1067.130005,1044.5,1066.189941,1066.189941,6305600
6/28/2020,1065.51001,1071.199951,1056.51001,1056.73999,1056.73999,5383200
6/27/2020,1060.060059,1079.280029,1060.060059,1070.52002,1070.52002,5633500
6/24/2020,1069.680054,1073.670044,1059.339966,1068.130005,1068.130005,5343600
6/23/2020,1067.099976,1080.040039,1060.589966,1078.469971,1078.469971,4815100
6/22/2020,1075.949951,1077.810059,1062.969971,1075.51001,1075.51001,4554800
6/21/2020,1079.130005,1095.670044,1079.130005,1094.869995,1094.869995,7301400
6/20/2020,1096.140015,1101.030029,1094.719971,1099.51001,1099.51001,4055300
6/17/2020,1099.030029,1108.23999,1097.47998,1106.75,1106.75,4669100
6/16/2020,1105.48999,1112.420044,1100.800049,1109.170044,1109.170044,5101000
6/15/2020,1110,1112.290039,1105.380005,1108.01001,1108.01001,4284900
6/14/2020,1107.48999,1108.579956,1092.180054,1094.599976,1094.599976,5739400
6/13/2020,1095.890015,1106.420044,1095.5,1105.23999,1105.23999,4648500
6/10/2020,1101.23999,1103.5,1086.02002,1102.939941,1102.939941,6611700
6/9/2020,1103.099976,1107.23999,1097.560059,1104.48999,1104.48999,4094500
6/8/2020,1105.359985,1116.109985,1105.359985,1115.709961,1115.709961,4471300
6/7/2020,1117.01001,1123.459961,1116.51001,1118.310059,1118.310059,8704800
6/6/2020,1119.359985,1125.640015,1116.579956,1118.790039,1118.790039,6172600
6/3/2020,1119.119995,1123.72998,1116.660034,1122.969971,1122.969971,6361200
6/2/2020,1125.119995,1139.380005,1125.119995,1138.699951,1138.699951,7816500
6/1/2020,1138.400024,1141.050049,1136.77002,1138.5,1138.5,4768000
5/31/2020,1137.560059,1145.369995,1134.900024,1140.449951,1140.449951,6346800
5/30/2020,1140.219971,1148.26001,1140.089966,1145.609985,1145.609985,11298400
5/27/2020,1143.959961,1150.23999,1138.98999,1150.23999,1150.23999,8458100
5/26/2020,1151.709961,1153.410034,1146.969971,1149.98999,1149.98999,5501200
5/25/2020,1148.530029,1150.97998,1141.449951,1150.51001,1150.51001,9298400
5/24/2020,1150.829956,1160.280029,1150.349976,1159.459961,1159.459961,6856100
5/23/2020,1159.939941,1169.839966,1159.939941,1166.209961,1166.209961,6636500
5/20/2020,1166.130005,1167.77002,1161.160034,1165.829956,1165.829956,3550800
5/19/2020,1166.680054,1169.199951,1155.329956,1159.900024,1159.900024,9578800
5/18/2020,1157.25,1167.819946,1152.880005,1165.810059,1165.810059,8001500
5/17/2020,1166.469971,1174.719971,1163.829956,1174.170044,1174.170044,10991500
5/16/2020,1172.699951,1173.040039,1166.01001,1167.719971,1167.719971,13117200
5/13/2020,1170.030029,1180.689941,1165.089966,1165.72998,1165.72998,7853900
5/12/2020,1167.579956,1173.930054,1161.47998,1166.589966,1166.589966,5387000
5/11/2020,1167.709961,1174.849976,1167.709961,1173.219971,1173.219971,6202700
5/10/2020,1173.75,1177.829956,1168.920044,1173.27002,1173.27002,3951800
5/9/2020,1171.75,1174.560059,1165.77002,1169.430054,1169.430054,6055500
5/6/2020,1171.22998,1181.430054,1170.689941,1178.099976,1178.099976,4201100
5/5/2020,1178.709961,1187.72998,1178.709961,1187.439941,1187.439941,3799100
5/4/2020,1186.01001,1191.800049,1182.77002,1189.439941,1189.439941,4116000
5/3/2020,1188.22998,1189.599976,1177.25,1182.449951,1182.449951,5156800
5/2/2020,1181.75,1188.550049,1175.119995,1186.439941,1186.439941,3891100
4/29/2020,1187.469971,1194.660034,1187.150024,1194.369995,1194.369995,4109000
4/28/2020,1194.939941,1199.199951,1194.709961,1196.47998,1196.47998,4700000
4/27/2020,1195.939941,1199.040039,1188.819946,1197.300049,1197.300049,7816700
4/26/2020,1198.689941,1210.650024,1198.689941,1210.650024,1210.650024,6798500
4/25/2020,1210.77002,1213.920044,1208.5,1211.670044,1211.670044,13510000
4/22/2020,1210.170044,1210.170044,1186.77002,1192.130005,1192.130005,24446500
4/21/2020,1192.060059,1197.869995,1183.680054,1197.52002,1197.52002,7780200
4/20/2020,1199.040039,1208.579956,1199.040039,1207.170044,1207.170044,5948800
4/18/2020,1207.160034,1210.98999,1198.849976,1205.939941,1205.939941,4778200
4/13/2020,1202.52002,1210.27002,1190.189941,1208.670044,1208.670044,6554800
4/12/2020,1207.869995,1217.280029,1205.099976,1217.280029,1217.280029,4174600
4/11/2020,1217.069946,1219.800049,1211.069946,1212.050049,1212.050049,8728800
4/8/2020,1209.920044,1211.380005,1181.619995,1183.709961,1183.709961,7681700
4/7/2020,1184.589966,1195.050049,1181.810059,1191.359985,1191.359985,6805300
4/6/2020,1193.300049,1209.359985,1193.300049,1206.780029,1206.780029,6111600
4/5/2020,1206.77002,1207.98999,1186.319946,1186.689941,1186.689941,4865900
4/4/2020,1188.579956,1205.130005,1188.579956,1202.26001,1202.26001,3711800
4/1/2020,1197.5,1197.5,1168.119995,1173.599976,1173.599976,12140400
3/31/2020,1169.23999,1175.949951,1158.150024,1165.869995,1165.869995,9155200
3/30/2020,1164.380005,1167.579956,1065.790039,1128.150024,1128.150024,9990100
3/29/2020,1127.040039,1135.130005,1094.150024,1110.880005,1110.880005,10167800
3/28/2020,1122.27002,1163.849976,1122.27002,1159.72998,1159.72998,8247700
3/23/2020,1156.390015,1170.47998,1147.709961,1155.790039,1155.790039,6638500
3/22/2020,1155.430054,1172.869995,1155.430054,1171.670044,1171.670044,7695800
3/21/2020,1170.040039,1173.569946,1156.140015,1157.439941,1157.439941,6644900
3/18/2020,1157.189941,1157.189941,1126.140015,1135.680054,1135.680054,8223700
3/17/2020,1136.52002,1141.880005,1114.959961,1136.939941,1136.939941,5582000
3/16/2020,1138.780029,1148.660034,1117.199951,1120.800049,1120.800049,5645300
3/15/2020,1119.569946,1124.27002,1100.660034,1115.050049,1115.050049,6884500
3/14/2020,1107.339966,1107.339966,1071.579956,1071.589966,1071.589966,9816700
3/11/2020,1067.26001,1090.160034,1055.900024,1087.689941,1087.689941,19362200
3/10/2020,1084.780029,1089.949951,1072.699951,1073.650024,1073.650024,8682500
3/9/2020,1067.420044,1074.75,1040.780029,1074.030029,1074.030029,6028700
3/8/2020,1075.51001,1090.75,1065.589966,1067.949951,1067.949951,6944200
3/4/2020,1074.27002,1103.52002,1074.27002,1103.060059,1103.060059,5612500
3/3/2020,1102.589966,1102.589966,1084.780029,1089.410034,1089.410034,5783800
3/2/2020,1087.300049,1094.77002,1069.890015,1070.709961,1070.709961,5328200
3/1/2020,1073.01001,1098.560059,1072.030029,1098.380005,1098.380005,5076500
2/29/2020,1098.819946,1105.670044,1091.810059,1102.829956,1102.829956,7294000
2/26/2020,1098.430054,1098.430054,1060.5,1064.880005,1064.880005,7832700
2/25/2020,1065.839966,1071.359985,1049.859985,1050.469971,1050.469971,7258100
2/24/2020,1050.810059,1063.150024,1042.170044,1062,1062,5364800
2/23/2020,1062.75,1077.73999,1052.25,1055.689941,1055.689941,5452500
2/22/2020,1058.77002,1087.849976,1058.77002,1086.839966,1086.839966,5150600
2/19/2020,1082.650024,1092.25,1077.119995,1091.599976,1091.599976,3559800
2/18/2020,1095,1105.910034,1089.030029,1089.630005,1089.630005,4076700
2/17/2020,1091.209961,1115.589966,1091.209961,1115.22998,1115.22998,8510600
2/16/2020,1114.02002,1118.73999,1107.130005,1114.609985,1114.609985,4574000
2/15/2020,1115.97998,1117.719971,1105.869995,1116.040039,1116.040039,3950600
2/12/2020,1116.160034,1121.01001,1113.930054,1117.51001,1117.51001,5740000
2/11/2020,1122.790039,1131.22998,1108.23999,1113.199951,1113.199951,5961000
2/10/2020,1113.900024,1118.5,1094.180054,1095.310059,1095.310059,4434900
2/9/2020,1095.569946,1099.640015,1085.310059,1092.040039,1092.040039,4054100
2/8/2020,1090.930054,1090.930054,1071.599976,1073.689941,1073.689941,3783400
2/5/2020,1075.099976,1083.560059,1067.890015,1076.76001,1076.76001,4485900
2/4/2020,1077.5,1082.599976,1071.449951,1074.569946,1074.569946,3521000
2/3/2020,1071.099976,1071.099976,1035.180054,1041.23999,1041.23999,6997100
2/2/2020,1040.560059,1048.079956,1028.329956,1030.709961,1030.709961,7199100
2/1/2020,1031.099976,1033.579956,1010.909973,1027.369995,1027.369995,7020100
1/29/2020,1027.650024,1032.949951,1015.929993,1022.580017,1022.580017,3868100
1/28/2020,1028.089966,1042.5,1018.349976,1028.060059,1028.060059,5115000
1/27/2020,1028.540039,1060.890015,1028.540039,1060.27002,1060.27002,6253100
1/25/2020,1062.920044,1071.25,1058.23999,1070.25,1070.25,5332400
1/22/2020,1070.5,1078.160034,1068.099976,1077.959961,1077.959961,8654300
1/21/2020,1077.22998,1080.780029,1070.449951,1078.75,1078.75,6662100
1/20/2020,1080.650024,1099.459961,1080.650024,1095.339966,1095.339966,7944600
1/19/2020,1095.609985,1099.079956,1087.680054,1095.170044,1095.170044,6229700
1/18/2020,1094.459961,1098.660034,1080.530029,1096.47998,1096.47998,9706600
1/15/2020,1093.849976,1093.849976,1063.319946,1064.880005,1064.880005,15633900
1/14/2020,1066.849976,1074.699951,1061.109985,1071.25,1071.25,9091400
1/13/2020,1064.530029,1083.939941,1056.880005,1083.47998,1083.47998,8100800
1/12/2020,1086.670044,1088.959961,1065.25,1069.589966,1069.589966,6552600
1/11/2020,1072.140015,1097.5,1072.140015,1093.670044,1093.670044,4291100
1/8/2020,1092.170044,1103.72998,1087.880005,1102.660034,1102.660034,4524200
1/7/2020,1102.890015,1115.01001,1101.300049,1115.01001,1115.01001,3986400
1/6/2020,1117.359985,1120.949951,1109.780029,1113.839966,1113.839966,4897400
1/5/2020,1112.839966,1114.660034,1103.109985,1106.130005,1106.130005,4987000
1/4/2020,1108.069946,1115.900024,1092.819946,1101.530029,1101.530029,5345600
1/1/2020,1098.439941,1106.439941,1088.01001,1101.599976,1101.599976,4283900
12/31/2019,1107.530029,1127.300049,1107.530029,1125.859985,1125.859985,3713600
12/30/2019,1125.339966,1125.439941,1116.76001,1120.459961,1120.459961,3600900
12/29/2019,1121.060059,1128.75,1119.459961,1127.23999,1127.23999,7617300
12/28/2019,1125.780029,1126.560059,1118.810059,1125.810059,1125.810059,4835900
12/24/2019,1122.069946,1123.060059,1107.170044,1121.640015,1121.640015,6632300
12/23/2019,1122.800049,1129.23999,1120.910034,1127.790039,1127.790039,3740600
12/22/2019,1122.920044,1127.160034,1111.579956,1121.060059,1121.060059,4143800
12/21/2019,1116.890015,1116.890015,1088.550049,1089.469971,1089.469971,4441500
12/18/2019,1081.47998,1086.719971,1076.689941,1083.609985,1083.609985,4404700
12/17/2019,1082.219971,1086.25,1079,1079.25,1079.25,3865500
12/16/2019,1077.48999,1082.619995,1069.48999,1079.380005,1079.380005,2607300
12/15/2019,1081.160034,1100.140015,1081.160034,1092.540039,1092.540039,3777600
12/14/2019,1092.079956,1099.77002,1085.76001,1094.160034,1094.160034,5367400
12/11/2019,1092.439941,1092.439941,1070.660034,1075.630005,1075.630005,7842100
12/10/2019,1075.630005,1075.630005,1063.910034,1071.689941,1071.689941,7827300
12/9/2019,1073.359985,1081.579956,1067.079956,1067.359985,1067.359985,5966400
12/8/2019,1063.199951,1063.199951,1046.680054,1051.869995,1051.869995,5519800
12/7/2019,1048.97998,1059.380005,1039.829956,1055.329956,1055.329956,5179000
12/4/2019,1056.280029,1061.449951,1045.400024,1047.219971,1047.219971,3550400
12/3/2019,1049.27002,1065.209961,1039.699951,1064.589966,1064.589966,4620100
12/2/2019,1062.900024,1064.400024,1048.790039,1048.920044,1048.920044,2460300
12/1/2019,1046.880005,1055.140015,1040.880005,1049.329956,1049.329956,3889700
11/30/2019,1049.719971,1081.300049,1049.719971,1080.290039,1080.290039,6450100
11/27/2019,1080.660034,1090.099976,1080.390015,1090.099976,1090.099976,3365000
11/26/2019,1093.609985,1105.099976,1093.609985,1104.51001,1104.51001,5075700
11/24/2019,1102.599976,1102.599976,1091.150024,1091.839966,1091.839966,3416300
11/23/2019,1092.359985,1103.26001,1092.359985,1098.869995,1098.869995,4798700
11/20/2019,1101.150024,1110.27002,1101.150024,1104.180054,1104.180054,4856300
11/19/2019,1104.569946,1110.880005,1103.920044,1109.550049,1109.550049,3944600
11/18/2019,1113.380005,1123.869995,1113.380005,1121.900024,1121.900024,4478500
11/17/2019,1121.160034,1127.359985,1115.579956,1121.099976,1121.099976,4428500
11/16/2019,1119.430054,1126.459961,1114.630005,1125.069946,1125.069946,4800700
11/13/2019,1123.890015,1125.439941,1118.880005,1124.660034,1124.660034,3935000
11/11/2019,1126.390015,1131.469971,1122.430054,1125.589966,1125.589966,11271900
11/10/2019,1126.569946,1144.859985,1126.569946,1142.709961,1142.709961,8798100
11/9/2019,1142.819946,1148.589966,1136.219971,1139.780029,1139.780029,8923600
11/6/2019,1139.48999,1144.380005,1131.579956,1134.280029,1134.280029,5069100
11/5/2019,1131.099976,1136.77002,1122.790039,1124.829956,1124.829956,4630100
11/4/2019,1131.689941,1148.900024,1131.689941,1148.670044,1148.670044,6707000
11/3/2019,1148.640015,1149.920044,1142,1142.160034,1142.160034,6208500
11/2/2019,1142.310059,1150,1132.089966,1147.699951,1147.699951,7302000
10/30/2019,1146.75,1148.630005,1140.26001,1144.72998,1144.72998,4340000
10/29/2019,1145.969971,1157.160034,1136.079956,1141.199951,1141.199951,6481700
10/28/2019,1143.48999,1150.300049,1139.420044,1146.23999,1146.23999,4445500
10/27/2019,1144.959961,1148.160034,1131.869995,1137.030029,1137.030029,3877100
10/26/2019,1140.680054,1162.76001,1140.680054,1160.75,1160.75,7007100
10/23/2019,1159.810059,1162.329956,1154.849976,1159.969971,1159.969971,5519000
10/21/2019,1161.569946,1163.869995,1151.410034,1158.060059,1158.060059,4786800
10/20/2019,1158.359985,1167.72998,1155.579956,1165.150024,1165.150024,5712600
10/19/2019,1165.319946,1168.680054,1162.02002,1165.319946,1165.319946,5247300
10/16/2019,1164.280029,1172.579956,1155.709961,1169.77002,1169.77002,7499600
10/15/2019,1171.319946,1184.380005,1171.319946,1178.099976,1178.099976,6105000
10/14/2019,1177.819946,1178.890015,1166.709961,1173.810059,1173.810059,13254900
10/13/2019,1177.469971,1181.199951,1167.119995,1176.189941,1176.189941,29619900
10/12/2019,1176.829956,1185.530029,1174.550049,1184.709961,1184.709961,14182200
10/9/2019,1178.640015,1178.640015,1159.709961,1165.900024,1165.900024,9166600
10/8/2019,1166.73999,1182.939941,1166.73999,1178.170044,1178.170044,7043100
10/7/2019,1179.819946,1189.430054,1171.170044,1180.26001,1180.26001,5835100
10/6/2019,1180.52002,1183.930054,1178.98999,1183.079956,1183.079956,4507600
10/5/2019,1184.73999,1196.140015,1184.73999,1185.619995,1185.619995,6310400
10/1/2019,1184.880005,1187.109985,1177.719971,1185.640015,1185.640015,5020700
9/30/2019,1183.839966,1183.839966,1171.699951,1182.449951,1182.449951,4479300
9/29/2019,1184.469971,1189.530029,1177.099976,1183.780029,1183.780029,4364200
9/28/2019,1183.869995,1185.459961,1179.699951,1183.26001,1183.26001,4552000
9/24/2019,1185.709961,1195.810059,1177.650024,1184.380005,1184.380005,6168000
9/23/2019,1187.859985,1195.880005,1187.859985,1193.569946,1193.569946,3991200
9/22/2019,1193.790039,1198.300049,1183.560059,1197.959961,1197.959961,6754200
9/21/2019,1198.339966,1221.25,1198.339966,1221.060059,1221.060059,7134400
9/18/2019,1221.199951,1227.079956,1220.290039,1225.849976,1225.849976,3527800
9/16/2019,1223.23999,1224.569946,1217.550049,1223.25,1223.25,4198300
9/15/2019,1223.589966,1226.839966,1208.939941,1213.400024,1213.400024,4469900
9/14/2019,1213.140015,1218.75,1204.329956,1218.709961,1218.709961,4989000
9/11/2019,1213.040039,1215.449951,1204.48999,1213.540039,1213.540039,4518600
9/10/2019,1209.069946,1210.5,1194.079956,1199.209961,1199.209961,6779200
9/9/2019,1200.439941,1207.430054,1197.150024,1197.75,1197.75,6950800
9/8/2019,1194.790039,1194.790039,1173,1178.339966,1178.339966,6608100
9/7/2019,1178.329956,1183.560059,1175.819946,1178.589966,1178.589966,4880100
9/4/2019,1183.75,1200.290039,1183.75,1196.689941,1196.689941,5174800
9/3/2019,1196.119995,1199.969971,1189.439941,1199.72998,1199.72998,4590400
9/2/2019,1198.069946,1198.939941,1184.579956,1197.839966,1197.839966,4368800
9/1/2019,1192.51001,1192.51001,1176.910034,1180.72998,1180.72998,4320800
8/31/2019,1183.699951,1198.619995,1183.699951,1198.349976,1198.349976,4788000
8/28/2019,1194.160034,1194.160034,1186.930054,1189.400024,1189.400024,2619500
8/27/2019,1189.079956,1190.339966,1173.640015,1187.76001,1187.76001,5713600
8/26/2019,1182.959961,1187.400024,1174.140015,1180.550049,1180.550049,14220500
8/25/2019,1186.599976,1207.609985,1186.599976,1206.069946,1206.069946,7500600
8/24/2019,1206.810059,1221.890015,1206.810059,1221.530029,1221.530029,5090700
8/21/2019,1219.930054,1225.569946,1216.819946,1224.709961,1224.709961,5257100
8/20/2019,1223.869995,1225.800049,1220.670044,1223.119995,1223.119995,4183400
8/19/2019,1227.25,1235.050049,1223.25,1223.75,1223.75,6078300
8/18/2019,1225.02002,1228.930054,1219.5,1228.280029,1228.280029,3510200
8/17/2019,1230.140015,1234.709961,1226.849976,1233,1233,3734000
8/14/2019,1233.849976,1240.400024,1232.579956,1240.400024,1240.400024,3405900
8/13/2019,1242.52002,1246.72998,1240.339966,1240.459961,1240.459961,4792200
8/12/2019,1241.839966,1246.589966,1238.170044,1241.589966,1241.589966,3283300
8/11/2019,1241.579956,1244.25,1234.01001,1235.22998,1235.22998,4331000
8/10/2019,1236.339966,1243.75,1232.849976,1242.869995,1242.869995,3190600
8/7/2019,1243.630005,1245.810059,1239.869995,1243.910034,1243.910034,6168000
8/6/2019,1245.76001,1250.199951,1241.51001,1247.079956,1247.079956,3942600
8/5/2019,1249.430054,1255.819946,1249.430054,1254.599976,1254.599976,3755200
8/4/2019,1254.939941,1259.390015,1254.939941,1258.839966,1258.839966,2412500
8/3/2019,1257.530029,1258.589966,1254.050049,1256.77002,1256.77002,2219300
7/31/2019,1254.660034,1258.430054,1251.47998,1257.540039,1257.540039,2413700
7/30/2019,1259.099976,1259.900024,1256.219971,1258.51001,1258.51001,2127400
7/29/2019,1258.780029,1262.599976,1258.780029,1259.780029,1259.780029,2036300
7/28/2019,1259.439941,1261.089966,1256.319946,1257.880005,1257.880005,1977000
7/27/2019,1256.76001,1259.339966,1254.189941,1257.640015,1257.640015,3075500
7/24/2019,1257.619995,1276.170044,1257.619995,1271.869995,1271.869995,4725600
7/23/2019,1272.949951,1274.119995,1262.660034,1270.199951,1270.199951,3645300
7/22/2019,1268.780029,1277.630005,1265.359985,1276.560059,1276.560059,5059500
7/21/2019,1276.290039,1278.170044,1270.430054,1273.849976,1273.849976,4111400
7/20/2019,1274.410034,1276.829956,1261.699951,1271.5,1271.5,4198100
7/17/2019,1270.839966,1271.52002,1262.180054,1269.75,1269.75,3155200
7/16/2019,1272.579956,1277.25,1269.619995,1274.47998,1274.47998,2875700
7/15/2019,1275.650024,1286.869995,1275.650024,1285.959961,1285.959961,3262100
7/14/2019,1285.780029,1286.699951,1280.469971,1283.76001,1283.76001,2665300
7/13/2019,1282.900024,1293.23999,1281.23999,1293.23999,1293.23999,4726400
7/10/2019,1293.219971,1296.060059,1290.160034,1295.02002,1295.02002,7226700
7/9/2019,1294.52002,1294.599976,1278.920044,1281.920044,1281.920044,6805300
7/8/2019,1280.849976,1283.349976,1271.26001,1280.26001,1280.26001,10960600
7/7/2019,1283.630005,1291.209961,1282.069946,1283.349976,1283.349976,17790900
7/6/2019,1283.290039,1291.930054,1282.469971,1290.839966,1290.839966,9189200
7/3/2019,1288.170044,1291.26001,1281.069946,1291.180054,1291.180054,7286300
7/2/2019,1291.969971,1299.73999,1291.969971,1296.630005,1296.630005,4072100
7/1/2019,1297.51001,1301.290039,1294.410034,1299.540039,1299.540039,4034300
6/30/2019,1299.630005,1302.670044,1275.099976,1276.339966,1276.339966,8453700
6/29/2019,1276.5,1287.170044,1276.5,1286.119995,1286.119995,5604100
6/26/2019,1289.140015,1308.859985,1289.140015,1307.589966,1307.589966,5485100
6/25/2019,1305.910034,1307.609985,1302.619995,1304.030029,1304.030029,3517800
6/24/2019,1302.77002,1308.599976,1294.829956,1307.099976,1307.099976,2987200
6/23/2019,1307.01001,1311,1301.670044,1310.869995,1310.869995,3098400
6/22/2019,1311.849976,1322.849976,1311.849976,1319.050049,1319.050049,3595600
6/19/2019,1318.76001,1324.869995,1316.030029,1324.569946,1324.569946,3386400
6/18/2019,1322.47998,1324.540039,1314.890015,1320.880005,1320.880005,3681300
6/17/2019,1318.130005,1322.780029,1311.73999,1321.869995,1321.869995,4664100
6/16/2019,1318.660034,1330.790039,1316.079956,1329.150024,1329.150024,5174600
6/15/2019,1328.72998,1332.959961,1326.900024,1332.319946,1332.319946,4251700
6/12/2019,1330.430054,1330.430054,1324.609985,1328.01001,1328.01001,4179800
6/11/2019,1329.51001,1337.609985,1329.51001,1336.319946,1336.319946,3364600
6/10/2019,1334.369995,1341.5,1331,1340.430054,1340.430054,2954600
6/9/2019,1340.380005,1344.069946,1338.119995,1343.01001,1343.01001,6429300
6/8/2019,1338.910034,1338.910034,1312.329956,1315.439941,1315.439941,7272500
6/5/2019,1315.439941,1317.910034,1299.550049,1307.400024,1307.400024,5773400
6/4/2019,1307.089966,1310.910034,1294.26001,1306.099976,1306.099976,5417900
6/3/2019,1307.339966,1320.609985,1307.339966,1319.880005,1319.880005,3860900
6/2/2019,1321.609985,1329.380005,1320.550049,1327.219971,1327.219971,4558400
6/1/2019,1328.640015,1332.089966,1306.140015,1306.329956,1306.329956,6639700
5/29/2019,1305.469971,1314.189941,1302.579956,1308.439941,1308.439941,4049300
5/28/2019,1312.369995,1332.280029,1312.369995,1330.969971,1330.969971,3886700
5/27/2019,1330.72998,1331.079956,1312.589966,1321.150024,1321.150024,6015900
5/26/2019,1322.719971,1327.680054,1303.98999,1310.130005,1310.130005,6918400
5/25/2019,1311.050049,1325.73999,1306.859985,1321.819946,1321.819946,4565200
5/22/2019,1319.920044,1323.209961,1312.27002,1320.02002,1320.02002,4297600
5/21/2019,1315.719971,1315.719971,1294.209961,1295.109985,1295.109985,6249900
5/20/2019,1293.430054,1308.349976,1291.98999,1304.280029,1304.280029,6057900
5/19/2019,1301.189941,1301.189941,1286.369995,1296.390015,1296.390015,5626500
5/18/2019,1288.459961,1288.459961,1261.119995,1281.869995,1281.869995,8003100
5/15/2019,1279.459961,1280.910034,1249.050049,1256.880005,1256.880005,7589400
5/14/2019,1261.609985,1278.880005,1261.609985,1273.719971,1273.719971,5792800
5/13/2019,1276.709961,1288.880005,1276.180054,1279.209961,1279.209961,6590600
5/12/2019,1281.650024,1300.579956,1281.650024,1298.380005,1298.380005,6035700
5/11/2019,1298.290039,1299.349976,1292.699951,1293.77002,1293.77002,3770000
5/8/2019,1292.189941,1300.51001,1284.050049,1297.540039,1297.540039,3628700
5/7/2019,1300.609985,1311.339966,1297.73999,1309.660034,1309.660034,4193200
5/6/2019,1311.800049,1319.180054,1310.150024,1313.800049,1313.800049,5711000
5/5/2019,1315.449951,1319.73999,1310.189941,1310.189941,1310.189941,4432300
5/4/2019,1309.369995,1319.449951,1305.26001,1319.439941,1319.439941,3206300
4/30/2019,1321.890015,1331.73999,1321.890015,1328.26001,1328.26001,2841700
4/29/2019,1327.439941,1329.77002,1325.030029,1325.829956,1325.829956,4054700
4/28/2019,1329.47998,1337.849976,1328.890015,1332.410034,1332.410034,5221100
4/27/2019,1333.560059,1336.73999,1329.099976,1332.869995,1332.869995,4104800
4/24/2019,1332.030029,1338.209961,1330.030029,1332.630005,1332.630005,12082900
4/23/2019,1335.939941,1339.380005,1331.089966,1335.540039,1335.540039,5331200
4/22/2019,1334.819946,1338.800049,1326.560059,1333.51001,1333.51001,5057900
4/21/2019,1336.160034,1339.459961,1322.939941,1328.170044,1328.170044,3799700
4/20/2019,1329.01001,1333.77002,1321.060059,1324.459961,1324.459961,3712600
4/17/2019,1321.959961,1321.959961,1309.51001,1314.160034,1314.160034,4167000
4/16/2019,1314.030029,1321.349976,1309.189941,1314.410034,1314.410034,4134600
4/15/2019,1311.130005,1316.790039,1302.420044,1314.52002,1314.52002,10901600
4/13/2019,1314.540039,1322.880005,1313.680054,1319.680054,1319.680054,28059300
4/10/2019,1313.349976,1313.349976,1294.699951,1305.140015,1305.140015,10069500
4/9/2019,1305.98999,1312.699951,1303.969971,1312.619995,1312.619995,5362800
4/8/2019,1319.119995,1332.660034,1319.119995,1330.359985,1330.359985,6113800
4/7/2019,1333.22998,1337.48999,1332.829956,1337.380005,1337.380005,4935200
4/6/2019,1337.140015,1337.550049,1331.469971,1335.25,1335.25,3258300
4/1/2019,1336.75,1349.550049,1336.75,1347.23999,1347.23999,6993000
3/31/2019,1348.430054,1357.48999,1344.25,1355.660034,1355.660034,4592200
3/30/2019,1353.859985,1361.709961,1353.599976,1360.47998,1360.47998,3996000
3/27/2019,1360.140015,1364.560059,1358.689941,1363.609985,1363.609985,8448500
3/26/2019,1365.209961,1370.579956,1358.589966,1361.219971,1361.219971,4263100
3/25/2019,1359.76001,1360.839966,1349.52002,1356.619995,1356.619995,4158800
3/24/2019,1355.900024,1355.900024,1341.5,1347.319946,1347.319946,4229700
3/23/2019,1344.160034,1348,1329.170044,1335.099976,1335.099976,3991600
3/20/2019,1340.23999,1354.359985,1335.579956,1340.199951,1340.199951,4108000
3/19/2019,1340.199951,1349.439941,1338.640015,1346.290039,1346.290039,3893500
3/18/2019,1348.339966,1359.439941,1348.339966,1357.160034,1357.160034,4081700
3/17/2019,1354.51001,1354.51001,1336.359985,1342.079956,1342.079956,4672900
3/16/2019,1339.390015,1351.050049,1332.030029,1348.650024,1348.650024,2893700
3/13/2019,1348.689941,1350.469971,1333.359985,1337.77002,1337.77002,4213100
3/12/2019,1334.77002,1343.329956,1327.319946,1329.469971,1329.469971,5910400
3/11/2019,1326.099976,1330.420044,1318.51001,1328.97998,1328.97998,6600500
3/10/2019,1328.540039,1341.819946,1326.589966,1340.680054,1340.680054,3902400
3/9/2019,1342.400024,1346.819946,1336.359985,1343.599976,1343.599976,4932400
3/5/2019,1342,1342,1330.670044,1333.27002,1333.27002,4630300
3/4/2019,1333.069946,1333.069946,1312.880005,1317.369995,1317.369995,4595400
3/3/2019,1317.699951,1323.719971,1313.869995,1316.280029,1316.280029,3796200
3/2/2019,1316.359985,1325.859985,1311.800049,1320.469971,1320.469971,2600500
2/28/2019,1320.640015,1328.51001,1314.410034,1325.689941,1325.689941,4232700
2/27/2019,1325.689941,1334.619995,1325.689941,1331.099976,1331.099976,3488100
2/26/2019,1331.099976,1345.199951,1331.099976,1345.199951,1345.199951,5369200
2/25/2019,1345.199951,1345.199951,1313.709961,1314.550049,1314.550049,5905800
2/24/2019,1314.550049,1318.030029,1305.609985,1312.939941,1312.939941,4404500
2/23/2019,1312.939941,1312.939941,1297.900024,1300.160034,1300.160034,3493500
2/20/2019,1300.26001,1300.26001,1284.719971,1286.170044,1286.170044,3880300
2/19/2019,1286.310059,1296.219971,1284.73999,1284.939941,1284.939941,3811300
2/18/2019,1284.630005,1287.040039,1277.420044,1279.560059,1279.560059,3303400
2/16/2019,1279.630005,1294.540039,1279.630005,1289,1289,3374800
2/13/2019,1288.599976,1288.599976,1268.280029,1270.97998,1270.97998,4874900
2/12/2019,1271.310059,1277.040039,1265.640015,1271.829956,1271.829956,4849700
2/11/2019,1272.219971,1292.5,1272.219971,1287.869995,1287.869995,4678300
2/10/2019,1287.869995,1287.869995,1261.900024,1265.420044,1265.420044,4142400
2/9/2019,1265.530029,1274.109985,1258.069946,1267.640015,1267.640015,5508400
2/6/2019,1268.579956,1279.819946,1267.400024,1271.5,1271.5,10480300
2/5/2019,1271.5,1280.420044,1267.560059,1278.359985,1278.359985,6051100
2/4/2019,1278.400024,1297.619995,1278.400024,1295.52002,1295.52002,5525200
2/3/2019,1295.47998,1298.609985,1286.790039,1287.140015,1287.140015,4809300
2/2/2019,1286.599976,1286.599976,1262.869995,1283.5,1283.5,9593700
1/30/2019,1283.040039,1283.930054,1267.23999,1268.449951,1268.449951,7603500
1/29/2019,1268.439941,1284.910034,1267.530029,1280.099976,1280.099976,6882500
1/28/2019,1280.209961,1296.800049,1280.209961,1296.670044,1296.670044,5424700
1/27/2019,1296.849976,1309.209961,1296.849976,1307.410034,1307.410034,4681300
1/23/2019,1307.640015,1321.969971,1307.640015,1320.640015,1320.640015,4851900
1/22/2019,1320.640015,1341.01001,1318.180054,1339.670044,1339.670044,7266100
1/21/2019,1339.589966,1340.890015,1334.300049,1337.880005,1337.880005,7690700
1/20/2019,1337.560059,1340.939941,1330.920044,1339.219971,1339.219971,5385800
1/19/2019,1339.619995,1356.47998,1339.619995,1353.219971,1353.219971,7863100
1/16/2019,1352.390015,1352.390015,1333.709961,1343.800049,1343.800049,9530800
1/15/2019,1343.310059,1343.310059,1316.420044,1319.48999,1319.48999,5672900
1/14/2019,1319.609985,1327.170044,1313.329956,1313.640015,1313.640015,5676700
1/13/2019,1314.449951,1331.47998,1314.449951,1317.719971,1317.719971,5574800
1/12/2019,1317.73999,1326.880005,1306.51001,1308.869995,1308.869995,13285700
1/9/2019,1308.869995,1317.699951,1307.52002,1316.140015,1316.140015,27436700
1/8/2019,1315.939941,1315.939941,1295.920044,1305.439941,1305.439941,8927600
1/7/2019,1307.069946,1328.140015,1307.069946,1326.72998,1326.72998,5929000
1/6/2019,1328.660034,1330.430054,1323.650024,1325.839966,1325.839966,4451100
1/5/2019,1325.650024,1347,1325.650024,1343.800049,1343.800049,6932000
1/2/2019,1343.800049,1346.099976,1336.949951,1345.02002,1345.02002,7049300
1/1/2019,1344.319946,1344.319946,1331.089966,1337.430054,1337.430054,6256900
12/31/2018,1337.390015,1338.51001,1329.589966,1331.939941,1331.939941,4681100
12/30/2018,1331.910034,1331.910034,1303.48999,1304.890015,1304.890015,7860900
12/29/2018,1304.839966,1316.319946,1299.160034,1300.670044,1300.670044,6210500
12/26/2018,1300.119995,1304.160034,1282.859985,1292.280029,1292.280029,8266500
12/24/2018,1292.589966,1307.380005,1274.72998,1286.939941,1286.939941,7924200
12/23/2018,1286.560059,1286.560059,1254.030029,1254.050049,1254.050049,6394700
12/22/2018,1254.25,1261.199951,1234.560059,1260.339966,1260.339966,7643700
12/19/2018,1260.22998,1260.22998,1199.540039,1200.069946,1200.069946,9819300
12/18/2018,1200.280029,1218.109985,1168.089966,1199.380005,1199.380005,11846300
12/17/2018,1198.47998,1198.47998,1119.280029,1119.459961,1119.459961,14978200
12/16/2018,1120.22998,1172.880005,1101.540039,1172.530029,1172.530029,12926400
12/15/2018,1171.77002,1171.77002,1118.01001,1120.76001,1120.76001,10728400
12/12/2018,1121.300049,1186.290039,1121.300049,1172.640015,1172.640015,9651500
12/11/2018,1172.869995,1189.040039,1170.73999,1178.810059,1178.810059,6302200
12/10/2018,1178.859985,1204.48999,1178.859985,1204.48999,1204.48999,14275500
12/9/2018,1204.219971,1204.219971,1180.530029,1192.76001,1192.76001,13864900
12/8/2018,1192.890015,1208.469971,1184.359985,1193.890015,1193.890015,8150000
12/5/2018,1189.619995,1189.619995,1131.030029,1140.650024,1140.650024,12568800
12/4/2018,1140.469971,1154.540039,1122.050049,1123.530029,1123.530029,10809100
12/3/2018,1123.550049,1145.48999,1121.089966,1123.819946,1123.819946,9801900
12/2/2018,1124.359985,1162.349976,1124.359985,1162.349976,1162.349976,8684900
12/1/2018,1162.160034,1178.560059,1156.300049,1177.599976,1177.599976,7181800
11/28/2018,1176.689941,1190.680054,1155.469971,1159.27002,1159.27002,6579400
11/27/2018,1158.849976,1181.22998,1135.910034,1176.800049,1176.800049,7185400
11/26/2018,1177.910034,1210.280029,1177.910034,1210.079956,1210.079956,4666900
11/25/2018,1209.76001,1220.099976,1195.77002,1212.920044,1212.920044,5972000
11/24/2018,1213,1230.709961,1209.349976,1218.890015,1218.890015,5381200
11/21/2018,1219.119995,1229.290039,1203.849976,1204.420044,1204.420044,4826100
11/20/2018,1203.900024,1203.900024,1170.560059,1173.969971,1173.969971,4797500
11/19/2018,1173.969971,1173.969971,1140.130005,1165.23999,1165.23999,5426100
11/18/2018,1165.849976,1198.619995,1165.849976,1198.619995,1198.619995,5506000
11/17/2018,1197.97998,1204.400024,1183.339966,1185.900024,1185.900024,4756200
11/14/2018,1185.369995,1185.369995,1148.369995,1154.22998,1154.22998,6531000
11/13/2018,1153.5,1162.52002,1136.069946,1162.27002,1162.27002,5335400
11/12/2018,1162.589966,1176.410034,1157.439941,1172.869995,1172.869995,4703600
11/11/2018,1173.319946,1202.380005,1162.72998,1188.680054,1188.680054,5383400
11/10/2018,1189.439941,1209.109985,1189.439941,1209.109985,1209.109985,5915600
11/7/2018,1209.209961,1220.060059,1204.459961,1216.01001,1216.01001,7061500
11/5/2018,1214.98999,1214.98999,1188.359985,1204.089966,1204.089966,4931800
11/3/2018,1204.5,1220.390015,1201.290039,1202.089966,1202.089966,5552600
10/31/2018,1203.630005,1206.300049,1166.209961,1166.76001,1166.76001,5023500
10/30/2018,1164.550049,1164.550049,1114.219971,1129.560059,1129.560059,8791700
10/29/2018,1128.819946,1141.719971,1121.359985,1136.430054,1136.430054,5549000
10/28/2018,1136.910034,1164.189941,1131.069946,1162.949951,1162.949951,5263100
10/27/2018,1163.319946,1195.859985,1163.319946,1175.380005,1175.380005,6015700
10/23/2018,1175.390015,1184.709961,1150.400024,1151.060059,1151.060059,4522000
10/22/2018,1151.73999,1175.869995,1139.930054,1160.400024,1160.400024,5807300
10/21/2018,1159.930054,1159.930054,1131.339966,1131.420044,1131.420044,5441700
10/20/2018,1131.209961,1138.98999,1098.920044,1099.22998,1099.22998,8939800
10/17/2018,1097.420044,1125.119995,1074.77002,1123.949951,1123.949951,8309200
10/16/2018,1124.030029,1146.069946,1115.680054,1144.030029,1144.030029,9059100
10/14/2018,1144.109985,1165.550049,1134.949951,1164.969971,1164.969971,6841700
10/13/2018,1165.030029,1171.400024,1150.26001,1155.459961,1155.459961,5706000
10/10/2018,1158.150024,1194.910034,1158.150024,1194.890015,1194.890015,4639700
10/9/2018,1194.599976,1199.23999,1187.300049,1195.540039,1195.540039,5701000
10/8/2018,1196.189941,1220.25,1196.189941,1207.25,1207.25,6349200
10/7/2018,1206.959961,1207.459961,1190.579956,1203.660034,1203.660034,11363800
10/1/2018,1205.650024,1224.609985,1205.650024,1224.579956,1224.579956,17042700
9/30/2018,1224.469971,1224.469971,1198.550049,1200.859985,1200.859985,8008300
9/29/2018,1200.75,1233.099976,1191.47998,1225.380005,1225.380005,7593900
9/26/2018,1223.459961,1229.640015,1206.310059,1209.880005,1209.880005,5857100
9/25/2018,1209.920044,1219.530029,1197.339966,1215.390015,1215.390015,6751200
9/24/2018,1215.390015,1239.030029,1215.390015,1238.25,1238.25,6775200
9/23/2018,1238.719971,1256.550049,1238.719971,1254.189941,1254.189941,6846900
9/22/2018,1254.189941,1254.189941,1226.790039,1229.050049,1229.050049,5075900
9/19/2018,1229.170044,1246.280029,1221.060059,1242,1242,5740400
9/18/2018,1243.969971,1292.660034,1243.969971,1284.589966,1284.589966,7553000
9/17/2018,1284.390015,1287.079956,1277.01001,1285.089966,1285.089966,5010900
9/16/2018,1284.959961,1284.959961,1253.160034,1253.300049,1253.300049,5110400
9/15/2018,1251,1251,1215.420044,1218.280029,1218.280029,6243900
9/12/2018,1219.619995,1242.47998,1219.619995,1237.900024,1237.900024,4237500
9/11/2018,1238.25,1263.209961,1234.810059,1261.150024,1261.150024,5334200
9/10/2018,1260.819946,1260.819946,1238.920044,1253.22998,1253.22998,5663900
9/9/2018,1253.209961,1261.699951,1240.75,1261.119995,1261.119995,6708000
9/8/2018,1261.119995,1277.550049,1254.98999,1275.920044,1275.920044,6052700
9/5/2018,1275.180054,1275.180054,1226.640015,1229.099976,1229.099976,7414500
9/4/2018,1229.589966,1246.219971,1227.699951,1239.699951,1239.699951,5731000
9/3/2018,1240.119995,1266.97998,1240.119995,1263.849976,1263.849976,7946000
9/2/2018,1263.849976,1263.849976,1246.680054,1251.780029,1251.780029,6371000
9/1/2018,1251.699951,1264.25,1244.339966,1257.810059,1257.810059,5346600
8/28/2018,1257.810059,1259.609985,1235.670044,1236.910034,1236.910034,5211700
8/27/2018,1236.560059,1237.72998,1209.430054,1216.130005,1216.130005,6979600
8/26/2018,1216.189941,1223.51001,1211.359985,1215.650024,1215.650024,6568800
8/25/2018,1215.619995,1215.619995,1183.160034,1192.97998,1192.97998,5996500
8/22/2018,1192.97998,1196.810059,1181.650024,1188.040039,1188.040039,4805700
8/21/2018,1187.47998,1187.47998,1161.790039,1161.790039,1161.790039,4646900
8/20/2018,1161.410034,1172.660034,1158.660034,1158.670044,1158.670044,3121600
8/19/2018,1158.670044,1197.349976,1158.670044,1192.550049,1192.550049,5652100
8/18/2018,1192.560059,1203.670044,1191.800049,1195.189941,1195.189941,3659900
8/14/2018,1196.719971,1247.109985,1196.719971,1246.959961,1246.959961,6787200
8/13/2018,1246.910034,1251.089966,1239.72998,1244.579956,1244.579956,7233900
8/12/2018,1246.030029,1260.079956,1243.349976,1244.280029,1244.280029,8163200
8/11/2018,1244.329956,1266.72998,1244.329956,1257.079956,1257.079956,6388600
8/8/2018,1257.189941,1266.030029,1253.030029,1258.469971,1258.469971,4648300
8/7/2018,1258.140015,1267.060059,1244.800049,1261.01001,1261.01001,4510000
8/6/2018,1260.869995,1260.869995,1231.469971,1234.349976,1234.349976,4821300
8/5/2018,1234.47998,1258.25,1234.47998,1255.189941,1255.189941,5526800
8/4/2018,1255.050049,1255.050049,1227.25,1236.469971,1236.469971,4363400
8/1/2018,1236.829956,1249.859985,1219.430054,1225.72998,1225.72998,8048300
7/31/2018,1225.72998,1225.72998,1209.469971,1211.819946,1211.819946,7799500
7/30/2018,1212.119995,1225.599976,1212.119995,1215.75,1215.75,4812300
7/28/2018,1216.089966,1231.040039,1215.199951,1219.660034,1219.660034,8909600
7/25/2018,1219.73999,1224.569946,1202.369995,1205.349976,1205.349976,4282700
7/24/2018,1205.719971,1242.819946,1205.719971,1241.300049,1241.300049,4771600
7/23/2018,1241.25,1245.089966,1229.51001,1243.719971,1243.719971,4990800
7/22/2018,1243.719971,1255.219971,1243.719971,1254,1254,3640900
7/21/2018,1254,1265.420044,1254,1265.329956,1265.329956,2904400
7/18/2018,1265.02002,1269.369995,1262.300049,1265.430054,1265.430054,3209500
7/17/2018,1265.380005,1265.849976,1248.640015,1249.640015,1249.640015,4250100
7/16/2018,1249.75,1263.540039,1249.75,1263.02002,1263.02002,3147600
7/15/2018,1262.819946,1264.119995,1257.459961,1257.599976,1257.599976,3561000
7/14/2018,1258.859985,1284.619995,1258.859985,1277.060059,1277.060059,7345600
7/11/2018,1277.030029,1278.72998,1268.099976,1277.300049,1277.300049,5722200
7/10/2018,1277.300049,1283.050049,1265.26001,1281.060059,1281.060059,6559200
7/9/2018,1280.930054,1281.839966,1273.339966,1277.810059,1277.810059,5380400
7/8/2018,1277.829956,1281.98999,1274.550049,1280.699951,1280.699951,11633500
7/7/2018,1280.77002,1296.459961,1280.77002,1292.079956,1292.079956,8782400
7/4/2018,1292.02002,1293.800049,1285.410034,1292.47998,1292.47998,4795200
7/3/2018,1292.47998,1296.819946,1285.77002,1295.5,1295.5,3746600
7/2/2018,1294.819946,1294.819946,1277.579956,1289.089966,1289.089966,4609900
7/1/2018,1290.219971,1303,1290.219971,1293.670044,1293.670044,3814700
6/30/2018,1293.650024,1308.109985,1290.98999,1308.040039,1308.040039,5517800
6/27/2018,1308.069946,1315.48999,1308.069946,1314.5,1314.5,12597900
6/26/2018,1314.48999,1315.380005,1309.170044,1315.380005,1315.380005,21131400
6/25/2018,1315.290039,1322.280029,1309.890015,1316,1316,6818900
6/24/2018,1315.959961,1315.959961,1306.060059,1314.650024,1314.650024,6105400
6/23/2018,1314.400024,1328.300049,1307.650024,1326.060059,1326.060059,9965400
6/20/2018,1326.280029,1333.469971,1313.599976,1318.430054,1318.430054,6445900
6/19/2018,1318.25,1320.060059,1311.719971,1316.329956,1316.329956,7227700
6/18/2018,1316.160034,1316.160034,1300.48999,1313.01001,1313.01001,4656300
6/17/2018,1313.530029,1321.410034,1306.689941,1312.410034,1312.410034,4280500
6/16/2018,1312.449951,1330.52002,1312.449951,1324.089966,1324.089966,4636700
6/13/2018,1324.23999,1329.189941,1321.569946,1325.540039,1325.540039,4824500
6/12/2018,1326.209961,1345.339966,1326.209961,1344.900024,1344.900024,6330600
6/11/2018,1344.319946,1344.359985,1337.52002,1344.329956,1344.329956,7351800
6/10/2018,1344.329956,1349.23999,1335.920044,1347.050049,1347.050049,4180000
6/9/2018,1347.040039,1351,1341.949951,1349.959961,1349.959961,3669100
6/6/2018,1349.969971,1354.319946,1344.630005,1351.949951,1351.949951,4524800
6/5/2018,1351.209961,1351.209961,1337.349976,1342.640015,1342.640015,4645700
6/4/2018,1343.060059,1353.349976,1343.060059,1351.77002,1351.77002,3628900
6/3/2018,1351.300049,1351.300049,1340.829956,1350.5,1350.5,3603700
6/2/2018,1350.52002,1355.869995,1340.800049,1343.22998,1343.22998,4846900
5/30/2018,1342.609985,1359.02002,1341.219971,1358.040039,1358.040039,5056700
5/29/2018,1358.060059,1363.400024,1357.23999,1361.22998,1361.22998,4893300
5/28/2018,1361.219971,1367.76001,1358.109985,1362.209961,1362.209961,4956600
5/27/2018,1362.109985,1362.699951,1355.530029,1357.660034,1357.660034,3930000
5/26/2018,1357.530029,1364.23999,1352.280029,1363.459961,1363.459961,4105800
5/23/2018,1363.459961,1368.920044,1363.459961,1365.73999,1365.73999,3867300
5/22/2018,1365.199951,1371.939941,1354.920044,1367.589966,1367.589966,3624100
5/21/2018,1367.560059,1373.089966,1365.969971,1372.180054,1372.180054,5689500
5/20/2018,1372.199951,1378.040039,1363.810059,1365.680054,1365.680054,6267500
5/19/2018,1365.900024,1376.170044,1365.900024,1374.089966,1374.089966,4470900
5/16/2018,1374.089966,1374.530029,1366.420044,1369.630005,1369.630005,3143400
5/15/2018,1369.589966,1369.589966,1359.130005,1364.329956,1364.329956,3183400
5/14/2018,1363.630005,1363.630005,1340.030029,1343.359985,1343.359985,6342400
5/13/2018,1343.390015,1354.849976,1343.390015,1352.630005,1352.630005,2526400
5/12/2018,1352.650024,1368.719971,1352.650024,1365.910034,1365.910034,2688300
5/9/2018,1365.969971,1374.76001,1365.969971,1370.869995,1370.869995,5335800
5/8/2018,1370.780029,1373.040039,1366.689941,1371.089966,1371.089966,3334600
5/7/2018,1371.920044,1396.130005,1371.920044,1395.949951,1395.949951,4487100
5/6/2018,1395.949951,1399.420044,1389.969971,1394.280029,1394.280029,5867900
5/5/2018,1394.170044,1402.630005,1392.780029,1402.599976,1402.599976,4865300
5/2/2018,1402.550049,1405.880005,1401.469971,1404.170044,1404.170044,6094800
4/30/2018,1404.170044,1414,1402.430054,1409.75,1409.75,4341200
4/29/2018,1409.589966,1409.589966,1397.680054,1405.52002,1405.52002,3077900
4/28/2018,1405.52002,1407.75,1400.640015,1402.890015,1402.890015,4934200
4/25/2018,1402.890015,1402.890015,1388.72998,1392.780029,1392.780029,4815500
4/23/2018,1392.780029,1399.180054,1386.869995,1397.109985,1397.109985,3876500
4/22/2018,1397.109985,1416.579956,1397.109985,1416.51001,1416.51001,3634700
4/21/2018,1416.550049,1419.150024,1411.949951,1412.52002,1412.52002,4010300
4/17/2018,1412.52002,1413.650024,1397.199951,1405.540039,1405.540039,5072700
4/16/2018,1405.390015,1405.390015,1391.560059,1403.280029,1403.280029,3844700
4/15/2018,1403.310059,1410.890015,1401.420044,1408.469971,1408.469971,4616700
4/11/2018,1408.469971,1422.380005,1404.459961,1419.040039,1419.040039,4563800
4/10/2018,1418.97998,1419,1404.619995,1413.380005,1413.380005,4085700
4/9/2018,1413.089966,1413.089966,1394.089966,1398.959961,1398.959961,3251900
4/7/2018,1398.790039,1401.599976,1392.920044,1398.079956,1398.079956,4632700
4/4/2018,1397.449951,1397.449951,1378.23999,1382.199951,1382.199951,4361000
4/3/2018,1382.180054,1383.01001,1357.380005,1358.589966,1358.589966,4959000
4/2/2018,1358.97998,1374.709961,1358.97998,1368.709961,1368.709961,4393600
4/1/2018,1368.77002,1388.130005,1368.77002,1387.569946,1387.569946,11501600
3/31/2018,1387.609985,1387.609985,1369.849976,1370.26001,1370.26001,16302200
3/28/2018,1370.27002,1379.660034,1365.380005,1369.569946,1369.569946,11372800
3/27/2018,1369.569946,1392.76001,1369.569946,1390.780029,1390.780029,6041700
3/26/2018,1390.780029,1390.780029,1383.290039,1385.140015,1385.140015,5333600
3/25/2018,1385.079956,1390.459961,1370.300049,1376.920044,1376.920044,6582600
3/24/2018,1376.959961,1387.400024,1376.959961,1378.530029,1378.530029,6110600
3/22/2018,1378.530029,1378.530029,1358.790039,1366.939941,1366.939941,4391200
3/21/2018,1366.969971,1375.569946,1366.819946,1371.969971,1371.969971,3854300
3/20/2018,1372.109985,1391.369995,1372.109985,1390.689941,1390.689941,3638500
3/19/2018,1390.640015,1402.089966,1387.280029,1399.97998,1399.97998,4180800
3/18/2018,1400.189941,1406.640015,1397.310059,1403.359985,1403.359985,3269500
3/14/2018,1403.26001,1403.26001,1394,1397.910034,1397.910034,4809700
3/13/2018,1397.859985,1415.319946,1395.72998,1405.819946,1405.819946,4000500
3/12/2018,1405.5,1405.5,1393.920044,1402.310059,1402.310059,3219700
3/11/2018,1402.319946,1403.069946,1388.709961,1391.569946,1391.569946,3732200
3/10/2018,1391.51001,1391.51001,1367.959961,1369.099976,1369.099976,4410300
3/7/2018,1368.790039,1373.910034,1363.939941,1369.579956,1369.579956,3985000
3/6/2018,1369.160034,1369.160034,1347.75,1363.719971,1363.719971,5349200
3/5/2018,1363.199951,1363.72998,1343.130005,1354.579956,1354.579956,4652900
3/4/2018,1354.579956,1365.880005,1354.579956,1357.98999,1357.98999,3068700
3/3/2018,1358.109985,1365.660034,1348.890015,1353.390015,1353.390015,4194600
2/28/2018,1351.930054,1351.930054,1336.609985,1338.349976,1338.349976,3645100
2/26/2018,1338.359985,1344.939941,1328.410034,1330.660034,1330.660034,4199900
2/25/2018,1330.780029,1341.780029,1324.790039,1324.800049,1324.800049,9660500
2/24/2018,1324.819946,1326.359985,1304.859985,1304.859985,1304.859985,6700800
2/21/2018,1305.050049,1312.23999,1291.97998,1295.219971,1295.219971,11935000
2/20/2018,1295.72998,1316.390015,1295.72998,1315.98999,1315.98999,6144600
2/19/2018,1316.089966,1328.48999,1310.040039,1316.630005,1316.630005,6097600
2/18/2018,1316.02002,1320.709961,1296.530029,1318.859985,1318.859985,6349800
2/17/2018,1318.719971,1324.140015,1310.5,1320.680054,1320.680054,3778800
2/14/2018,1320.810059,1324.199951,1314.22998,1317.819946,1317.819946,7156600
2/13/2018,1318.900024,1334.930054,1318.900024,1332.420044,1332.420044,5206100
2/12/2018,1331.25,1331.25,1310.76001,1313.319946,1313.319946,3809500
2/11/2018,1313.089966,1319.73999,1298.900024,1310.329956,1310.329956,5930600
2/10/2018,1309.869995,1309.869995,1277.25,1278.040039,1278.040039,6109600
2/7/2018,1278.290039,1282.550049,1266.73999,1278.180054,1278.180054,4860500
2/6/2018,1277.819946,1287.619995,1274.160034,1285.5,1285.5,4675100
2/5/2018,1285.609985,1315.130005,1285.609985,1315.130005,1315.130005,4187400
2/4/2018,1316.150024,1329.050049,1312.680054,1314.98999,1314.98999,3513400
2/3/2018,1314.98999,1325.810059,1307.77002,1325.660034,1325.660034,2817900
1/31/2018,1325.719971,1335.52002,1307.72998,1308.930054,1308.930054,5316800
1/30/2018,1309.400024,1324.310059,1306.619995,1324.180054,1324.180054,6441900
1/29/2018,1324.02002,1327.280029,1310.51001,1314.880005,1314.880005,3904400
1/28/2018,1314.880005,1333.680054,1314.140015,1329.099976,1329.099976,4685100
1/27/2018,1329.189941,1343.319946,1329.189941,1342.839966,1342.839966,5996300
1/24/2018,1342.420044,1348.219971,1334.459961,1344.780029,1344.780029,4988800
1/23/2018,1344.829956,1363.459961,1344.829956,1357.97998,1357.97998,4148200
1/22/2018,1358.040039,1361.569946,1346.449951,1355.689941,1355.689941,4688700
1/21/2018,1355.430054,1358.27002,1324.410034,1325.51001,1325.51001,4018500
1/20/2018,1325.920044,1337.819946,1325.920044,1335.02002,1335.02002,4451300
1/17/2018,1334.900024,1334.900024,1309.27002,1313.719971,1313.719971,3160000
1/16/2018,1314.089966,1324.23999,1310.300049,1319.98999,1319.98999,2697600
1/15/2018,1320.709961,1334.400024,1320.709961,1331.849976,1331.849976,3381200
1/14/2018,1331.52002,1331.52002,1313.290039,1329.040039,1329.040039,3837900
1/13/2018,1330.119995,1362.170044,1330.119995,1362.160034,1362.160034,5033900
1/10/2018,1362.329956,1366.349976,1355.699951,1365.51001,1365.51001,3307600
1/9/2018,1365.75,1374.810059,1363.530029,1374.02002,1374.02002,2376600
1/8/2018,1373.719971,1373.849976,1363.02002,1367.579956,1367.579956,4687100
1/7/2018,1367.089966,1367.089966,1348.030029,1354.680054,1354.680054,4319200
1/6/2018,1354.660034,1354.869995,1346.650024,1352.459961,1352.459961,3426700
1/3/2018,1352.959961,1361.540039,1336.27002,1341.469971,1341.469971,3842300
1/2/2018,1341.400024,1345,1333.25,1341.449951,1341.449951,6991600
1/1/2018,1341.290039,1341.290039,1325.410034,1334.76001,1334.76001,4614900
12/31/2017,1334.810059,1357.699951,1334.810059,1356.780029,1356.780029,3948000
12/30/2017,1356.5,1357.26001,1348.51001,1353.640015,1353.640015,2922200
12/27/2017,1353.680054,1365.359985,1345.069946,1363.670044,1363.670044,3356800
12/26/2017,1363.579956,1375.26001,1358.959961,1372.780029,1372.780029,3093300
12/24/2017,1373.01001,1380.390015,1371.209961,1376.51001,1376.51001,9340000
12/23/2017,1376.51001,1376.51001,1362.189941,1362.660034,1362.660034,12914400
12/20/2017,1362.339966,1362.339966,1337.560059,1350.52002,1350.52002,7116200
12/19/2017,1350.52002,1351.530029,1329.23999,1338.310059,1338.310059,4014700
12/18/2017,1338.349976,1343.97998,1331.5,1337.890015,1337.890015,3642300
12/17/2017,1338.170044,1363.130005,1338.170044,1360.02002,1360.02002,3367000
12/16/2017,1360.050049,1389.189941,1360.050049,1385.969971,1385.969971,7092300
12/13/2017,1385.939941,1391.73999,1381.369995,1385.300049,1385.300049,4369000
12/12/2017,1385.27002,1387.160034,1379.170044,1379.319946,1379.319946,3727400
12/11/2017,1379.319946,1385.030029,1373.349976,1375.319946,1375.319946,3685500
12/10/2017,1375.130005,1375.130005,1354.650024,1365,1365,3951400
12/9/2017,1365.449951,1394.160034,1365.449951,1390.98999,1390.98999,3790400
12/6/2017,1391.040039,1399.630005,1391.040039,1394.22998,1394.22998,3561200
12/5/2017,1394.459961,1407.140015,1394.459961,1401.349976,1401.349976,3959600
12/4/2017,1401.22998,1404.140015,1396.130005,1402.219971,1402.219971,2641700
12/3/2017,1402.26001,1405.949951,1398.800049,1402.800049,1402.800049,2138400
12/2/2017,1402.579956,1405.97998,1395.619995,1405.869995,1405.869995,2866300
11/29/2017,1405.869995,1405.869995,1397.319946,1404.109985,1404.109985,6529200
11/28/2017,1404.359985,1410.030029,1400.599976,1403.930054,1403.930054,7316000
11/27/2017,1403.890015,1407.72998,1401.829956,1405.530029,1405.530029,4816500
11/26/2017,1405.569946,1417.439941,1404.150024,1415.51001,1415.51001,3431900
11/25/2017,1415.839966,1418.709961,1414.670044,1418.160034,1418.160034,4351000
11/22/2017,1417.849976,1418.130005,1412.119995,1418.130005,1418.130005,3512600
11/21/2017,1418.130005,1426.680054,1410.859985,1413.170044,1413.170044,4439900
11/20/2017,1413.089966,1416.119995,1406.780029,1413.48999,1413.48999,3814500
11/19/2017,1413.48999,1413.48999,1400.5,1402.079956,1402.079956,3564800
11/18/2017,1401.98999,1413.459961,1398.040039,1411.130005,1411.130005,2850300
11/14/2017,1411.130005,1416.170044,1409.109985,1410.439941,1410.439941,5222100
11/13/2017,1410.439941,1413.630005,1405.589966,1409.300049,1409.300049,4113000
11/12/2017,1409.319946,1413.949951,1406.569946,1410.48999,1410.48999,5974600
11/11/2017,1410.079956,1410.079956,1397.01001,1399.47998,1399.47998,3250500
11/8/2017,1400.069946,1413.089966,1398.959961,1406.579956,1406.579956,4249900
11/7/2017,1406.540039,1409.310059,1396.560059,1404.939941,1404.939941,3775400
11/6/2017,1404.939941,1408.810059,1401.25,1403.439941,1403.439941,3412900
11/5/2017,1403.73999,1432.119995,1403.73999,1432.119995,1432.119995,6080900
11/3/2017,1432.119995,1437.920044,1431.449951,1437.920044,1437.920044,6459500
11/1/2017,1437.920044,1438.73999,1428.97998,1429.079956,1429.079956,5114800
10/31/2017,1429.130005,1437.76001,1429.130005,1433.560059,1433.560059,3743800
10/30/2017,1433.560059,1439.150024,1432.98999,1436.560059,1436.560059,5279300
10/29/2017,1436.560059,1463.76001,1435.339966,1459.98999,1459.98999,5312600
10/28/2017,1460.069946,1474.51001,1460.069946,1465.77002,1465.77002,5231700
10/25/2017,1465.420044,1465.630005,1457.550049,1461.189941,1461.189941,3013500
10/24/2017,1461.189941,1461.469971,1456.130005,1459.319946,1459.319946,4129400
10/23/2017,1459.5,1465.150024,1457.880005,1461.050049,1461.050049,6190400
10/22/2017,1461.050049,1461.22998,1449.97998,1460.26001,1460.26001,5808900
10/21/2017,1460.339966,1467.069946,1459.51001,1460.150024,1460.150024,12705400
10/18/2017,1459.76001,1460.719971,1452.060059,1456.890015,1456.890015,7120400
10/17/2017,1456.939941,1463.23999,1441.589966,1441.589966,1441.589966,12104800
10/15/2017,1441.599976,1441.599976,1430.530029,1433.319946,1433.319946,11334400
10/14/2017,1433.359985,1450.199951,1433.359985,1447.150024,1447.150024,7854300
10/11/2017,1447.130005,1447.130005,1435.599976,1440.670044,1440.670044,5561400
10/10/2017,1440.900024,1457.140015,1440.900024,1444.48999,1444.48999,6329600
10/9/2017,1444.98999,1451.52002,1439.01001,1445.75,1445.75,5574800
10/8/2017,1446.050049,1454.300049,1441.98999,1450.98999,1450.98999,4412100
