Date,Open,High,Low,Last,Close,Total Trade,Turnover (Lacs)
10/8/2022,27.84,27.84,26.52,25.307781,27.110001,6991300,10062.83
10/5/2022,26.629999,27.440001,26.629999,25.121075,26.91,3329500,7407.06
10/4/2022,27.08,27.41,26.469999,25.345123,27.15,4438100,3815.79
10/3/2022,27.26,28.24,27.15,25.438478,27.25,4171600,3960.27
10/1/2022,27.09,27.57,26.57,25.055733,26.84,3554200,3486.05
9/28/2022,26.52,27.42,26.52,25.419804,27.23,3492100,7162.35
9/27/2022,27.059999,27.120001,26.059999,24.486277,26.23,4248400,11859.95
9/26/2022,25.959999,26.690001,25.41,24.430271,26.17,3231700,5248.6
9/25/2022,25.700001,26.66,25.34,24.346256,26.08,2730300,5503.9
9/24/2022,26.139999,26.67,25.84,24.813015,26.58,1040900,7999.55
9/21/2022,26.629999,27.07,25.68,24.112877,25.83,2112400,12589.59
9/19/2022,26.02,26.469999,25.629999,24.58897,26.34,2727400,3202.78
9/18/2022,26.34,28.209999,26.34,26.175959,28.040001,4034200,6163.7
9/17/2022,27.950001,28.59,27.309999,26.362659,28.24,2068700,7445.41
9/14/2022,28.639999,29.110001,28.32,26.838757,28.75,4620300,14784.5
9/12/2022,28.379999,29.389999,28.219999,26.57737,28.469999,2098200,10002.01
9/11/2022,28.24,28.27,27.48,25.92391,27.77,2473500,7735.81
9/10/2022,27.68,28.33,27.299999,25.942574,27.790001,2933200,17130.29
9/7/2022,27.780001,28.07,27.549999,26.203964,28.07,2119600,2742.84
9/6/2022,28.290001,28.629999,27.74,26.549366,28.440001,2980400,3856.72
9/5/2022,28.58,28.709999,28.120001,26.661392,28.559999,1415100,6674.93
9/4/2022,28.549999,29.129999,28,26.278645,28.15,4080700,8163.82
9/3/2022,28.719999,28.799999,27.040001,25.597176,27.42,6862600,12538.39
8/31/2022,27.33,27.360001,26.68,25.055733,26.84,3519000,7913.21
8/30/2022,26.690001,26.9,26.309999,24.700994,26.459999,2479200,4516.57
8/29/2022,26.459999,27.02,26.299999,25.065063,26.85,3877800,3280.33
8/28/2022,26.99,27.34,26.02,25.139748,26.93,3520100,5571.77
8/27/2022,26.43,28.110001,26.43,25.92391,27.77,3101000,4689.94
8/24/2022,27.92,28.49,27.629999,26.48402,28.370001,3462700,4289.35
8/23/2022,28.219999,28.780001,27.9,26.838757,28.75,5137000,3662.36
8/21/2022,28.469999,29.42,27.950001,27.38953,29.34,1061400,7941.4
8/20/2022,28.719999,29.799999,28.719999,27.725605,29.700001,1503300,4141.83
8/17/2022,29.57,29.690001,28.5,26.782749,28.690001,2040700,6885.52
8/16/2022,28.450001,29.030001,28.25,26.614719,28.51,2057100,6106.81
8/14/2022,28.43,28.620001,28.059999,26.343992,28.219999,1504800,4459.96
8/13/2022,27.969999,28.16,26.299999,25.03706,26.82,5425800,4573.57
8/10/2022,27.040001,27.049999,24.99,23.487413,25.16,6630300,4757.48
8/9/2022,24.9,25.379999,23.299999,22.945974,24.58,10327600,2676.63
8/8/2022,24.68,25.059999,23.91,22.721926,24.34,4362500,4305.39
8/7/2022,24.58,25.059999,23.34,22.040455,23.610001,3869700,4677.58
8/6/2022,23.559999,24.24,22.76,22.563231,24.17,5705100,6080.87
8/3/2022,24.02,25.26,23.620001,23.310043,24.969999,4857200,7893.32
8/2/2022,24.700001,24.799999,24,22.665916,24.280001,3287900,13328.52
8/1/2022,24.43,25.709999,24.32,23.776808,25.469999,3210400,32325.56
7/31/2022,25.209999,25.42,24.07,22.740595,24.360001,3290700,10917.34
7/30/2022,24.459999,24.870001,23.530001,22.787271,24.41,3236300,4544.83
7/27/2022,24.34,24.889999,23.08,21.928429,23.49,3988600,3821.97
7/26/2022,23.969999,24.5,23.120001,22.637909,24.25,4546800,9565.1
7/25/2022,22.73,24.43,22.27,22.432535,24.030001,3323700,5596.44
7/24/2022,23.290001,25.33,22.360001,23.468746,25.139999,6195500,5607.3
7/23/2022,25.139999,25.9,24.52,23.468746,25.139999,2843300,5645.48
7/20/2022,25.6,25.9,24.610001,23.4034,25.07,2630800,7143.47
7/19/2022,25.120001,25.83,24.5,24.066195,25.780001,2462000,9934.06
7/18/2022,26.17,26.17,25.299999,24.215565,25.940001,2375100,8021.22
7/17/2022,25.879999,26.389999,25.16,23.571428,25.25,3722200,7794.77
7/16/2022,24.9,25.469999,24.309999,23.524757,25.200001,5448700,8566.75
7/13/2022,24.66,26.360001,24.66,24.336918,26.07,5474600,8804.57
7/12/2022,25.870001,26.09,25.209999,23.692789,25.379999,2680700,6045.37
7/11/2022,25.27,25.41,24.459999,22.843285,24.469999,2617100,3811.57
7/10/2022,24.690001,24.719999,23.9,22.37652,23.969999,3536400,3532.63
7/9/2022,23.73,24.450001,23.629999,22.600567,24.209999,2914600,6168.1
7/6/2022,24.129999,24.17,23.280001,22.115137,23.690001,2739300,5443.53
7/5/2022,23.639999,24.68,23.4,22.90863,24.540001,2418600,6459.01
7/4/2022,24.639999,25.200001,24.370001,23.00198,24.639999,2469000,9999.82
7/3/2022,24.77,25.32,24.360001,23.636776,25.32,2856500,18483.41
7/2/2022,27.99,27.99,25.92,25.382463,27.190001,8998800,9740.9
6/29/2022,27.040001,27.040001,26.040001,25.0744,26.860001,4457800,5519.02
6/28/2022,27.049999,27.450001,26.32,24.831688,26.6,2988700,11917.5
6/27/2022,26.32,27.01,26.280001,24.981049,26.76,3593800,5905.05
6/26/2022,26.9,27.08,26.4,24.700994,26.459999,2877000,5886.61
6/25/2022,26.5,26.93,26.01,25.139748,26.93,2755400,5563.82
6/22/2022,26.889999,27.780001,26.6,25.877232,27.719999,3176500,6442.71
6/21/2022,27.6,28.639999,27.469999,26.381332,28.26,4034500,7806.4
6/20/2022,28.17,29.870001,27.9,27.361525,29.309999,4463500,8755.18
6/19/2022,29.16,29.219999,28.27,26.474686,28.360001,3396100,16640.21
6/18/2022,28.5,28.5,26.870001,25.298449,27.1,2686100,4214.24
6/15/2022,27.120001,28.139999,27.07,26.045259,27.9,2482600,8614.03
6/14/2022,27.690001,28.059999,26.75,25.597176,27.42,2977400,10067.32
6/13/2022,27.790001,28.02,26.719999,25.410467,27.219999,2737600,3311.87
6/12/2022,27,27.73,26.27,24.532957,26.280001,2392300,3209.4
6/11/2022,25.74,26.42,25.129999,23.907495,25.610001,3616400,9470.3
6/8/2022,25.540001,26.209999,25.18,23.664785,25.35,2077700,2945.64
6/7/2022,25.73,26.33,25.620001,24.37426,26.110001,3097200,4075.26
6/6/2022,26.360001,26.459999,25.379999,23.804808,25.5,2508200,5408.38
6/5/2022,25.15,26.1,24.84,24.168888,25.889999,3476000,11030.56
6/4/2022,26.040001,26.059999,24.799999,23.907495,25.610001,2918100,4706.54
6/1/2022,25.030001,25.370001,23.15,22.264502,23.85,5342300,6920.49
5/31/2022,24.27,25.33,24.209999,23.524757,25.200001,3357300,9239.62
5/30/2022,25.27,25.559999,24.41,22.843285,24.469999,2696400,10876.9
5/29/2022,24.629999,26.42,24.16,24.514286,26.26,4832400,5803.91
5/28/2022,26.32,27.530001,26.17,24.841021,26.610001,3287800,6862.75
5/25/2022,26.57,26.780001,25.75,24.476948,26.219999,2153800,5324.08
5/24/2022,26.040001,26.18,25.16,23.758141,25.450001,2813600,7380.24
5/23/2022,25.57,26.23,25.139999,23.580769,25.26,2240500,10726.5
5/22/2022,25.190001,25.450001,24.629999,23.15134,24.799999,2004000,7874.05
5/21/2022,24.74,25.98,24.59,24.084866,25.799999,2895700,7762.71
5/18/2022,26.389999,27.030001,26.32,25.167749,26.959999,3751200,8103.65
5/17/2022,26.940001,27.73,26.85,25.410467,27.219999,2320300,17573.66
5/16/2022,27.17,27.450001,26.42,25.429136,27.24,2875400,15295.87
5/15/2022,27.18,27.26,26.17,24.813015,26.58,2438100,23074.68
5/14/2022,26.83,27.32,26.51,25.03706,26.82,1793300,43913.37
5/11/2022,26.58,27.84,26.370001,25.3918,27.200001,2091800,5685.22
5/10/2022,26.85,27.030001,25.35,23.786142,25.48,3727200,4157.17
5/9/2022,25.5,26.719999,25.33,24.318251,26.049999,2308800,5311
5/8/2022,25.68,26.25,25.4,23.804808,25.5,1982900,4998.87
5/7/2022,25.440001,26.139999,25.41,24.066195,25.780001,1751200,5387.46
5/4/2022,25.889999,26.030001,25.59,24.19689,25.92,1606700,4014.1
5/3/2022,26.1,27.48,25.969999,25.307781,27.110001,2788400,7355.63
5/2/2022,26.959999,27.23,26.52,25.0744,26.860001,1448500,5479.6
4/30/2022,27.379999,27.799999,27.15,25.578506,27.4,3539000,9025.87
4/27/2022,27.139999,27.709999,26.85,25.849224,27.690001,2086200,5443.94
4/26/2022,27.299999,27.32,26.1,24.654316,26.41,2511300,14401.35
4/25/2022,26.559999,26.790001,26.15,24.925035,26.700001,1809700,13808.09
4/24/2022,26.57,27.41,26.120001,25.438478,27.25,2450600,6075.2
4/23/2022,28.799999,30.1,28.48,26.988121,28.91,9282800,4794.16
4/20/2022,28.15,28.379999,26.9,25.363791,27.17,6111500,7225.36
4/19/2022,27.08,27.08,25.889999,24.37426,26.110001,5574300,6966.56
4/18/2022,26.370001,26.98,25.83,24.999718,26.780001,3952200,13416.32
4/17/2022,26.57,27.709999,26.389999,25.755873,27.59,5187100,16355.69
4/16/2022,28.190001,28.190001,26.809999,25.373131,27.18,2658900,8371.24
4/13/2022,27.049999,27.34,26.790001,25.205097,27,1533700,6024.34
4/12/2022,27.42,28.82,27.120001,26.670723,28.57,4644700,5896.21
4/11/2022,28.629999,29,28.049999,26.512024,28.4,4995900,5454.47
4/10/2022,28.5,28.559999,27.719999,26.175959,28.040001,2794200,6065.36
4/9/2022,27.370001,28.040001,27.370001,26.026594,27.879999,1458400,12889.29
4/6/2022,27.940001,28.23,27.809999,26.353325,28.23,2152900,5047.58
4/5/2022,28.26,28.26,27.84,26.138617,28,1747700,7260.79
4/4/2022,28.129999,28.959999,27.93,26.633381,28.530001,3465700,8975.77
4/3/2022,28.540001,29.309999,28.43,27.277512,29.219999,2782700,7162.95
4/2/2022,29.309999,29.5,28.450001,27.053469,28.98,1567800,17918.02
3/28/2022,28.93,29.08,28.27,26.540024,28.43,2197900,5951.18
3/27/2022,28.290001,28.389999,27.860001,26.250637,28.120001,2231900,8092.83
3/26/2022,28.25,28.34,27.01,25.279772,27.08,2635700,6332.93
3/23/2022,27,27,26.16,24.841021,26.610001,3551200,5859.45
3/22/2022,26.379999,26.5,25.120001,23.60877,25.290001,5274300,4369.46
3/21/2022,25.52,25.620001,24.709999,23.384724,25.049999,3741100,3901.51
3/20/2022,25.120001,25.290001,24.57,23.198021,24.85,3092000,7453.21
3/19/2022,24.889999,25.25,24.5,23.431404,25.1,4098100,9640.91
3/16/2022,25.26,25.459999,24.84,23.720793,25.41,3186400,7633.86
3/15/2022,25.360001,25.51,24.23,22.889959,24.52,3703900,8081.81
3/14/2022,24.25,24.25,23.23,22.189816,23.77,7703400,5729.14
3/13/2022,23.9,25.02,23.77,23.07666,24.719999,5119900,8590.75
3/12/2022,24.969999,25.129999,24.59,23.356718,25.02,3095500,7052.02
3/9/2022,24.49,24.65,23,21.573694,23.110001,4767200,4376.16
3/8/2022,23.209999,23.790001,22.5,21.405657,22.93,5126800,6068.8
3/7/2022,22.620001,22.959999,22.25,21.088259,22.59,3490000,13070.84
3/6/2022,22.51,22.51,21.389999,20.070723,21.5,6260000,18367.89
3/5/2022,21.5,22.51,21.5,20.490803,21.950001,4262500,12811.25
3/1/2022,22.049999,23.139999,21.709999,21.601698,23.139999,4286300,6392.67
2/28/2022,22.83,23.01,22.360001,20.948231,22.440001,4107400,7727.14
2/27/2022,22.6,22.870001,21.780001,20.350775,21.799999,3545700,13208.65
2/26/2022,21.700001,21.84,20.719999,19.538612,20.93,6958500,10027.43
2/23/2022,20.959999,21.360001,20.75,19.88402,21.299999,3066800,10479.23
2/22/2022,21.17,21.18,20.290001,18.987835,20.34,4887700,14389.22
2/21/2022,20.389999,20.76,20,18.698444,20.030001,4432900,9678.53
2/20/2022,19.75,20.059999,19.059999,18.493071,19.809999,5314500,13695.83
2/19/2022,19.85,21,19.85,19.146542,20.51,4602100,7022.82
2/16/2022,20.24,20.360001,17.620001,17.027443,18.24,9209500,5331.07
2/15/2022,18.299999,18.41,17.82,17.036777,18.25,5728500,5082.79
2/14/2022,18.559999,18.559999,17.530001,16.644697,17.83,5520400,7003.26
2/12/2022,17.530001,18.370001,17.17,16.831402,18.030001,4812200,13079.39
2/9/2022,18.129999,18.209999,17.49,16.383308,17.549999,6591900,8655.43
2/8/2022,17.67,18.370001,17.43,16.644697,17.83,3056300,16553.84
2/7/2022,17.83,18.5,17.09,16.355307,17.52,4024100,22500.69
2/6/2022,17.65,18.549999,17.549999,17.260824,18.49,5752100,18431.55
2/5/2022,18.25,18.629999,17.540001,16.373974,17.540001,4637400,18386.99
2/2/2022,17.469999,17.75,16.639999,15.869874,17,4970400,18375.08
2/1/2022,16.77,17.440001,16.200001,15.851207,16.98,4788300,13229.01
1/31/2022,17.42,17.450001,16.459999,15.477796,16.58,2676900,15929.24
1/30/2022,16.01,17.01,15.56,15.561813,16.67,4582800,7871.4
1/29/2022,16.73,18.27,16.280001,16.794064,17.99,4717400,5489.77
1/25/2022,18.01,19.299999,17.780001,17.830269,19.1,3941900,11123.41
1/24/2022,19.09,19.17,18.25,17.298161,18.530001,3398400,6585.37
1/23/2022,18.530001,18.98,18.290001,17.298161,18.530001,1969100,13560.72
1/22/2022,18.17,20.09,18.040001,18.689114,20.02,3579600,10171.94
1/19/2022,20.08,20.780001,19.73,19.239891,20.610001,3904500,11183.31
1/18/2022,20.66,20.66,19.129999,17.998304,19.280001,3183100,10502.65
1/17/2022,19.469999,20.120001,19.01,18.194344,19.49,2517800,11717.46
1/16/2022,19.43,19.530001,18.719999,17.680908,18.940001,2248200,14922.72
1/15/2022,19,19.379999,18.629999,17.895617,19.17,4050500,14701.51
1/12/2022,19.440001,19.559999,18.59,18.259689,19.559999,4580800,46643.39
1/11/2022,19.799999,20.719999,18.5,18.325037,19.629999,7143500,10911.99
1/10/2022,19.77,19.77,18.67,17.923624,19.200001,3051800,7944.49
1/9/2022,19.360001,19.379999,18.4,17.531544,18.780001,3132200,7628.8
1/8/2022,18.99,21.280001,18.99,19.678646,21.08,6373000,6855.32
1/5/2022,20.84,21.040001,20.08,18.885147,20.23,6254400,5938.16
1/4/2022,20,20,19.17,18.007637,19.290001,3995600,8380.41
1/3/2022,19.389999,21.6,19.290001,19.912033,21.33,5677900,6469.92
1/2/2022,21.23,23.1,21.120001,20.929564,22.42,5616400,6252.42
1/1/2022,22.41,22.6,22.110001,20.798868,22.280001,3772800,5040.75
12/29/2021,22,22.129999,20.41,19.482603,20.870001,3850200,21586.26
12/28/2021,20.389999,21.49,20.25,19.314564,20.690001,4672400,14164.22
12/27/2021,21.049999,21.799999,20.41,19.986706,21.41,4359800,10164.51
12/26/2021,21.49,21.52,20.610001,19.491938,20.879999,2838100,12073.55
12/22/2021,20.67,20.93,19.870001,18.838469,20.18,2281600,14271.47
12/21/2021,20.33,20.809999,19.549999,18.605093,19.93,2651500,6845.56
12/20/2021,19.700001,19.74,19.049999,18.063654,19.35,2158000,14149.92
12/19/2021,19.58,20.42,19.42,19.00651,20.360001,3131300,24973.97
12/18/2021,20.35,20.35,19.299999,18.362381,19.67,2610300,17013.97
12/15/2021,19.690001,19.76,19.299999,18.128998,19.42,2900100,8735.39
12/14/2021,19.67,19.67,18.870001,18.072985,19.360001,2287400,15810.93
12/13/2021,19.540001,20.459999,19.450001,18.707781,20.040001,3046900,19574.91
12/12/2021,19.879999,20.030001,19.360001,18.306368,19.610001,2402400,20150.22
12/11/2021,20.030001,21.620001,20.030001,19.081188,20.440001,3943000,23729.27
12/8/2021,20.49,21.450001,20.389999,19.78133,21.190001,3917200,12354.21
12/7/2021,21.049999,21.280001,20.469999,19.15587,20.52,2694500,10662.6
12/6/2021,20.309999,20.719999,19.66,19.221218,20.59,2400600,12100.11
12/5/2021,21.32,21.5,20.030001,19.053185,20.41,4354000,13694.44
12/4/2021,19.780001,19.959999,17.73,16.850071,18.049999,9042500,16212.97
12/1/2021,18.24,18.25,16.66,16.168598,17.32,10497800,20637.33
11/30/2021,17.01,18.040001,16.790001,16.616692,17.799999,4815300,28436.36
11/29/2021,17.450001,18.549999,17.440001,17.130131,18.35,4704500,18367.29
11/28/2021,17.549999,18.27,17.42,16.532675,17.709999,3966800,32227.87
11/27/2021,16.92,17.93,16.51,16.710045,17.9,5242300,6106.05
11/24/2021,17.58,17.790001,15.84,15.17907,16.26,6838900,10704.91
11/23/2021,16.719999,16.889999,14.71,15.188405,16.27,8180400,9240.31
11/22/2021,18,18.129999,15.84,16.037907,17.18,9413900,13645.79
11/21/2021,16.860001,17.59,15.99,14.964358,16.030001,2987800,33327.37
11/20/2021,16.030001,17.1,16.030001,15.403115,16.5,4626700,36047.39
11/17/2021,17.469999,17.469999,15.82,14.917682,15.98,3448600,17611.63
11/16/2021,16.200001,16.530001,15.8,15.253749,16.34,3254300,15781.35
11/15/2021,15.61,16.57,15.61,15.468455,16.57,2973900,44321.86
11/14/2021,16.139999,16.370001,14.16,13.872137,14.86,6088200,37901.49
11/13/2021,15.25,15.45,14.22,14.292221,15.31,5390700,6914.92
11/10/2021,15.26,15.26,14.53,14.049505,15.05,3098800,18509.13
11/9/2021,14.99,15.04,13.15,12.294485,13.17,4964600,26521.93
11/8/2021,13.56,13.83,12.42,11.715702,12.55,5276500,7424.32
11/7/2021,12.1,12.17,10.92,11.220934,12.02,19055500,12105.05
11/6/2021,12.28,13.67,12.15,11.650354,12.48,6537200,16298.62
11/3/2021,11.01,13.84,11.01,12.807922,13.72,4711900,4331.7
11/2/2021,13.6,13.85,12.51,11.799716,12.64,5717400,17834.16
11/1/2021,11.8,12.29,10.22,11.388968,12.2,9455000,8238.83
10/31/2021,13.39,13.42,11.91,11.902404,12.75,6607200,11696.96
10/30/2021,13.47,13.58,11.79,11.295615,12.1,4476800,31569.51
10/27/2021,11.75,12.06,10.25,9.652618,10.34,4438300,19257.33
10/26/2021,10.51,10.8,9.54,9.970014,10.68,6597500,10341.97
10/25/2021,10.29,11.8,10,10.922209,11.7,7754100,5437.31
10/24/2021,11.91,12,11.16,10.838189,11.61,3664900,7402.2
10/23/2021,11.58,11.59,11.16,10.464782,11.21,3896200,6030.3
10/19/2021,11.13,11.17,9.39,9.29788,9.96,4329700,1095.73
10/18/2021,10.05,10.2,8.77,8.78444,9.41,5463700,9730.6
10/17/2021,8.53,9.35,8.46,8.299011,8.89,4664800,6898.79
10/16/2021,8.81,8.81,7.82,7.300142,7.82,5349800,5563.4
10/13/2021,8.08,8.8,7.75,8.028292,8.6,5557600,6713.26
10/12/2021,8.59,8.96,8.26,7.897594,8.46,5673300,8224.13
10/11/2021,8.74,8.94,8.11,7.916265,8.48,6276500,14629.38
10/10/2021,8.49,9.06,8.31,8.327014,8.92,6570400,4448.8
10/9/2021,10.06,10.67,9.25,8.775105,9.4,8081300,3454.22
10/6/2021,9.69,10.22,9.42,9.437908,10.11,5148500,5332.72
10/5/2021,10,10.03,8.75,8.31768,8.91,3932500,4637.19
10/4/2021,8.81,9,7.13,6.833381,7.32,7533800,4032.28
10/3/2021,7.55,7.8,6.88,6.665348,7.14,6970000,4118.57
9/29/2021,7.34,7.54,6.75,6.441302,6.9,5243400,7700.44
9/28/2021,6.63,6.82,5.53,5.675814,6.08,9003500,9312.65
9/27/2021,5.94,6,5.25,5.050354,5.41,8547000,6727.73
9/26/2021,5.61,6.24,5.05,5.797172,6.21,8268800,11185.5
9/25/2021,5.92,5.98,5.36,5.059689,5.42,7518100,7877.39
9/22/2021,5.48,5.71,5.34,4.985007,5.34,5965300,7911.13
9/21/2021,5.3,5.48,5,4.88232,5.23,4930100,6159.43
9/20/2021,5.23,5.23,4.76,4.508911,4.83,5586000,6234.53
9/19/2021,4.91,5.05,3.93,3.902123,4.18,12996200,20840.29
9/18/2021,4.54,5.14,4.25,4.676945,5.01,10276100,5303.92
9/15/2021,5.3,5.92,5.2,5.367751,5.75,8456300,5500.51
9/14/2021,6.07,6.31,5.43,5.358415,5.74,5704700,6266.23
9/13/2021,5.73,6.46,5.35,5.955872,6.38,5120100,9768.64
9/12/2021,6.37,6.6,6.21,6.002546,6.43,2116300,10349.32
9/11/2021,6.24,6.39,5.2,4.88232,5.23,5493600,7098.12
9/8/2021,5.34,5.94,5.27,5.50778,5.9,5935400,13393.1
9/7/2021,5.64,5.88,5.3,5.31174,5.69,6231900,12129.82
9/6/2021,5.54,6.13,5.4,5.209053,5.58,5844100,29584.24
9/5/2021,5.48,6.1,5.27,5.666479,6.07,4169400,6738.89
9/4/2021,6.48,6.9,6.28,5.955872,6.38,6715300,8461.6
9/1/2021,6.4,6.6,6.1,5.806506,6.22,4865700,6743.59
8/31/2021,6.47,6.89,6.33,6.273268,6.72,4238700,15413.6
8/30/2021,6.85,6.87,6,5.685149,6.09,3690400,14034.74
8/29/2021,5.56,6.25,5.25,5.731826,6.14,6640200,10969.25
8/28/2021,6.12,6.31,5.79,5.50778,5.9,3284900,7147.52
8/24/2021,6.01,6.4,5.97,5.965205,6.39,4796800,8960.23
8/23/2021,6.23,6.7,6.1,6.207922,6.65,4596100,14522.9
8/22/2021,6.58,6.65,5.85,5.545121,5.94,4658800,14417.1
8/21/2021,6.25,6.3,5.88,5.713155,6.12,5308800,31403.67
8/18/2021,6.11,6.12,5.52,5.405092,5.79,5475100,19308.69
8/17/2021,6.01,6.01,5.46,5.190382,5.56,3040600,20050.09
8/16/2021,5.63,5.69,5.46,5.265065,5.64,826300,55755.08
8/14/2021,5.64,5.8,5.49,5.209053,5.58,1910300,16312.73
8/11/2021,5.76,5.79,5.29,5.059689,5.42,3188900,9628.51
8/10/2021,5.56,5.7,5.48,5.227723,5.6,3234900,3921.42
8/9/2021,5.6,6.09,5.58,5.573127,5.97,2820100,2082.83
8/8/2021,6.04,6.6,6.04,6.077229,6.51,4991500,3988.91
8/7/2021,6.59,6.99,6.28,6.506649,6.97,6334400,4339.35
8/4/2021,7.19,7.59,6.92,7.01075,7.51,6681500,3815.79
8/3/2021,7.31,8.09,7.2,7.421499,7.95,10370200,4845.26
8/2/2021,7.71,7.98,7.35,7.384159,7.91,5762400,3334.75
8/1/2021,7.92,8,7.51,7.122772,7.63,3628200,3622.9
7/31/2021,7.59,7.73,6.53,6.291937,6.74,6300400,3230.5
7/28/2021,6.89,6.89,6.01,5.797172,6.21,6876800,3860.48
7/27/2021,6.05,6.14,5.54,5.657143,6.06,9415300,4031.92
7/26/2021,6.06,6.38,5.71,5.778501,6.19,7785100,6583.98
7/25/2021,6.53,7.02,6.1,6.263933,6.71,8847400,3600.42
7/24/2021,6.65,6.76,5.67,5.349082,5.73,6531800,4536.3
7/21/2021,6.01,6.09,5.55,5.629137,6.03,6571500,8039.92
7/20/2021,5.95,6.26,5.7,5.610467,6.01,5389500,4827.35
7/19/2021,5.8,6.72,5.76,6.058558,6.49,5916400,7313.99
7/18/2021,6.53,6.6,5.91,5.72249,6.13,6385400,5734.23
7/17/2021,6.21,6.39,6.08,5.74116,6.15,4977900,8646
7/14/2021,6.42,6.9,6.24,6.34795,6.8,7083400,4932.13
7/13/2021,6.68,6.77,6.28,5.909194,6.33,3797300,9084.43
7/12/2021,6.26,6.45,6.08,5.759831,6.17,4568600,18368.34
7/11/2021,6.09,6.1,5.86,5.573127,5.97,4137400,21392.59
7/10/2021,6,6.21,5.63,5.713155,6.12,5366500,7866.08
7/7/2021,6.16,6.82,5.93,5.974541,6.4,8377600,10106.02
7/6/2021,6.39,7.02,6.24,6.469308,6.93,6312000,7546.37
7/5/2021,6.83,7.44,6.83,6.693354,7.17,6749800,9038.88
7/4/2021,7.15,7.38,6.96,6.758698,7.24,3784700,4670.92
7/3/2021,7.15,7.29,6.57,6.329279,6.78,4677300,13243.65
6/30/2021,6.86,7.07,6.67,6.431967,6.89,3318500,2787.02
6/29/2021,6.75,6.98,6.56,6.487978,6.95,3146800,3427.43
6/28/2021,6.81,7.09,6.75,6.459971,6.92,3121500,3171.42
6/27/2021,6.51,6.6,5.94,5.619802,6.02,7909200,2168.84
6/23/2021,5.85,6.47,5.51,5.955872,6.38,7180900,3003.79
6/22/2021,6.36,6.74,6.09,5.72249,6.13,5089600,3452.47
6/21/2021,5.68,6.09,5.5,5.573127,5.97,7024600,4366.89
6/20/2021,5.61,6.01,5.24,4.891655,5.24,6210400,1905.12
6/19/2021,5.25,5.61,4.82,5.153042,5.52,8671500,2137.51
6/16/2021,5.55,5.55,4.94,4.639604,4.97,7911400,3144.41
6/15/2021,5.06,5.1,4.58,4.490241,4.81,5388400,5845.75
6/14/2021,4.74,4.79,4.32,4.144838,4.44,8163300,7637.53
6/13/2021,4.31,4.36,3.94,3.678077,3.94,8279700,5359.78
6/12/2021,4.1,4.2,3.69,3.491372,3.74,6162000,2198.67
6/9/2021,4.02,4.05,3.84,3.640736,3.9,5932800,2033.52
6/8/2021,3.88,3.9,3.49,3.323338,3.56,5613300,2293.76
6/7/2021,3.61,3.73,3.17,3.276662,3.51,11037100,3006.86
6/6/2021,3.76,4.03,3.5,3.640736,3.9,5343700,1983
6/5/2021,4.11,4.61,4.11,4.20085,4.5,7098000,2549.95
6/2/2021,4.57,4.84,4.46,4.490241,4.81,5046300,5621.37
6/1/2021,4.71,5.15,4.61,4.779631,5.12,3817800,4485.21
5/31/2021,5.25,5.57,4.95,4.891655,5.24,5602800,4964.89
5/30/2021,5.4,5.59,5.17,4.854315,5.2,3400400,2196.49
5/29/2021,5.18,5.51,5.02,5.143707,5.51,2620900,1425.46
5/26/2021,5.46,6.13,5.22,5.685149,6.09,4921600,2068.14
5/25/2021,6.14,6.48,6.02,5.759831,6.17,5216500,2641.78
5/24/2021,6.36,6.49,5.58,5.451767,5.84,4890300,2511.75
5/23/2021,6.07,6.61,5.95,6.17058,6.61,4061000,1972.13
5/22/2021,6.49,6.74,6.34,6.11457,6.55,2929100,1636.02
5/19/2021,6.63,7.02,6.24,6.11457,6.55,4387500,4157.98
5/18/2021,6.83,7.14,6.64,6.6,7.07,6282500,1847.07
5/17/2021,6.92,7.01,6.7,6.394627,6.85,3514500,1779.67
5/16/2021,6.46,6.59,5.9,5.778501,6.19,6404800,2013.41
5/15/2021,6.45,6.45,5.92,5.843848,6.26,5048300,1558.96
5/12/2021,6.14,6.54,6,6.058558,6.49,4849400,1435.63
5/11/2021,6.74,7.54,6.74,6.590665,7.06,7558400,910.88
5/10/2021,7.06,7.4,6.93,6.908063,7.4,4837300,1838.9
5/9/2021,7.2,7.63,7.12,7.066762,7.57,4010600,1444.34
5/8/2021,7.35,7.42,6.95,6.553325,7.02,3497400,1897.26
5/5/2021,7.65,7.99,7.45,7.178785,7.69,5808500,2073.09
5/4/2021,7.99,8.66,7.85,7.934937,8.5,8961400,2581.07
5/3/2021,8.4,8.92,8.1,8.205661,8.79,5141900,2385.92
5/2/2021,8.65,9.16,8.41,8.037624,8.61,4582600,10835.58
4/28/2021,8.54,9.08,8.54,8.364356,8.96,5446500,1736.48
4/27/2021,9.03,9.78,8.93,9.036492,9.68,7148800,2122.54
4/26/2021,9.73,10.3,9.73,9.53126,10.21,10167600,6433.14
4/25/2021,9.81,9.98,8.8,8.43904,9.04,8534500,1437.23
4/24/2021,8.82,9.67,8.75,8.849788,9.48,6539700,1642.96
4/21/2021,9.35,10.3,9.25,9.260539,9.92,7427800,1966.07
4/20/2021,9.94,10.15,9.61,9.213861,9.87,6438900,2346.43
4/19/2021,9.99,11.18,9.98,10.147387,10.87,10100300,1632.17
4/18/2021,10.75,11,10.07,9.727301,10.42,5911700,2356.03
4/17/2021,10.15,10.8,9.63,9.773974,10.47,7560500,1242.12
4/13/2021,10.09,12,10.06,10.819519,11.59,11338800,1929.81
4/12/2021,11.83,11.94,10.88,10.259405,10.99,12483400,2899.6
4/11/2021,11.02,11.41,10.97,10.651487,11.41,5875500,3146.21
4/10/2021,11.39,12.63,11.39,11.790384,12.63,9455600,2800.01
4/7/2021,12.55,12.87,11.75,11.44498,12.26,6711400,2202.25
4/6/2021,12.46,14.11,12.46,12.611883,13.51,15150300,3509.67
4/5/2021,13.99,14.26,12.02,11.351628,12.16,9828500,3079.38
4/3/2021,12.52,13.41,12.36,12.415844,13.3,6226500,2722.96
3/31/2021,12.97,13,12.36,11.594344,12.42,5062500,1803.31
3/30/2021,12.61,12.8,11.64,11.286281,12.09,5410400,4557.84
3/29/2021,11.64,11.88,10.34,10.016689,10.73,8653300,3168.41
3/28/2021,10.65,11.95,10.59,10.670156,11.43,6786600,4110.55
3/27/2021,11.44,11.93,11.02,10.492787,11.24,4779700,4381.41
3/24/2021,11.35,11.9,11.35,11.090242,11.88,4241600,5286.28
3/23/2021,11.93,12.55,11.7,11.48232,12.3,5293700,9552.1
3/22/2021,12.23,12.87,11.72,11.015559,11.8,6136800,3313.05
3/21/2021,11.57,11.73,10.95,10.660821,11.42,4293900,4332.96
3/20/2021,11.48,11.77,11.11,10.688828,11.45,2744500,3920.26
3/17/2021,11.42,12.29,11.17,11.463652,12.28,3998000,2738.14
3/16/2021,12.24,12.3,10.86,10.324755,11.06,7923800,5746.46
3/15/2021,11.27,11.64,10.91,10.586139,11.34,5149400,1805.03
3/14/2021,11.41,11.58,11.2,10.688828,11.45,3620300,1169.88
3/10/2021,11.65,12.59,11.6,11.463652,12.28,4106000,2322.75
3/9/2021,11.96,12.33,11.5,11.276946,12.08,5358700,1515.67
3/8/2021,11.87,11.9,11.36,11.024894,11.81,4369800,1561.79
3/7/2021,11.61,12.35,11.61,11.398302,12.21,3730300,1040.72
3/6/2021,12.39,13.33,12.39,12.079773,12.94,8412700,2933.15
3/3/2021,12.85,12.85,12.26,11.865066,12.71,4716400,2381.46
3/2/2021,12.76,13.63,12.42,12.602549,13.5,6651900,2518.52
3/1/2021,13.71,13.87,12.71,12.182464,13.05,5702000,7066.2
2/28/2021,13.05,13.45,12.99,12.210465,13.08,4951200,2088.58
2/27/2021,12.97,13.05,12.17,11.585007,12.41,5454300,1574.65
2/23/2021,12.14,12.26,11.7,11.080907,11.87,5511900,1871.67
2/22/2021,11.97,12.21,11.5,11.080907,11.87,5936700,1827.19
2/21/2021,11.71,12.13,11.3,11.062236,11.85,5386400,2369.22
2/20/2021,11.85,12.25,11.5,11.276946,12.08,5609400,2144.39
2/17/2021,12.28,12.57,12.16,11.416973,12.23,4704700,1341.58
2/16/2021,12.06,12.17,11.24,10.558133,11.31,5187400,1314.08
2/15/2021,11.35,11.43,10.59,10.343423,11.08,6734400,1672.79
2/14/2021,11.23,11.88,11.12,10.511457,11.26,5433100,1978.89
2/13/2021,11.12,11.51,11,10.511457,11.26,6061000,3183.39
2/10/2021,11.24,11.65,11.08,10.474115,11.22,5243500,1969.94
2/9/2021,11.32,11.55,11,10.64215,11.4,2984800,2498.72
2/8/2021,11.42,11.65,10.95,10.511457,11.26,5100700,3121.95
2/7/2021,11.37,11.68,11.28,10.698165,11.46,3764800,3157.09
2/6/2021,11.25,11.7,11.04,10.707498,11.47,8849200,3039.13
2/3/2021,11.29,11.44,10.85,10.3901,11.13,5287100,5036.55
2/2/2021,11.12,11.25,10.76,10.082039,10.8,3281200,9084
2/1/2021,10.83,10.87,9.98,9.848658,10.55,8117500,1580.78
1/31/2021,10.66,10.9,10.53,9.998019,10.71,4216500,2100.16
1/30/2021,10.6,11.03,10.48,10.250072,10.98,3868700,1635.01
1/27/2021,10.99,11.31,10.6,10.530129,11.28,4577800,982.7
1/25/2021,11.33,11.71,11.06,10.931544,11.71,3480300,1166.6
1/24/2021,11.81,12.53,11.77,11.659689,12.49,6691300,1272.85
1/23/2021,12.15,12.67,12.15,11.771712,12.61,4505300,952.83
1/20/2021,12.4,12.98,12.29,12.061106,12.92,5056700,1233.64
1/19/2021,12.99,13.57,12.99,12.593211,13.49,6157700,1708.02
1/18/2021,13.56,13.83,13.16,12.630551,13.53,5373800,1367.68
1/17/2021,13.42,13.66,12.79,12.723905,13.63,6713800,1090.57
1/16/2021,13.56,14.45,13.55,13.386707,14.34,6480200,688.06
1/13/2021,14.14,14.63,14,13.508064,14.47,4901900,4668.88
1/12/2021,14.46,14.54,14.22,13.377371,14.33,5122500,1764.05
1/11/2021,14.13,14.42,13.86,13.424047,14.38,5279900,1061.75
1/10/2021,14.23,14.23,13.34,12.96662,13.89,8347000,663.16
1/9/2021,14.25,16.07,14.25,14.80566,15.86,12596800,517.65
1/6/2021,15.84,17.34,15.84,15.888541,17.02,14077400,1573.67
1/5/2021,17.440001,18.219999,17.35,16.747385,17.940001,6899300,630.23
1/4/2021,17.77,18.84,17.4,16.915415,18.120001,7473800,818.98
1/3/2021,18.309999,18.530001,17.52,16.784727,17.98,5953200,721.93
1/2/2021,18.459999,18.75,17.440001,16.373974,17.540001,7033900,1354.06
12/30/2020,17.5,18.559999,17.5,16.906086,18.110001,6213500,1244.54
12/29/2020,18.049999,18.27,17.540001,16.700714,17.889999,5032700,1241.44
12/28/2020,17.9,17.99,17.450001,16.514008,17.690001,3968400,1047.42
12/27/2020,17.719999,18.41,17.690001,16.896751,18.1,3882000,870.77
12/26/2020,18.41,18.440001,17.9,17.102123,18.32,2905700,498.73
12/23/2020,18.360001,18.450001,17.5,16.616692,17.799999,2653400,891.02
12/22/2020,17.34,17.690001,17.02,15.963228,17.1,4568200,1006.49
12/21/2020,17.23,17.99,17.120001,16.738047,17.93,3618300,826.44
12/20/2020,17.67,18.059999,17.32,16.672701,17.860001,2953800,790.28
12/19/2020,17.799999,18.299999,17.690001,17.046114,18.26,3457800,1153.8
12/16/2020,18.450001,18.780001,17.77,16.775393,17.969999,6295400,997.33
12/15/2020,17.99,18.4,16.84,15.89788,17.030001,6689300,2759.52
12/14/2020,17.18,17.98,17.18,16.252619,17.41,4770300,1021.86
12/13/2020,17.41,17.469999,16.690001,15.869874,17,4297900,621.51
12/12/2020,16.98,17.120001,16.35,15.869874,17,4885900,942.51
12/9/2020,17.23,17.23,16,15.123055,16.200001,6624600,1141.18
12/8/2020,16.09,16.5,15.9,15.393778,16.49,4249000,1354.02
12/7/2020,16.34,16.75,15.7,14.786989,15.84,6169600,1497.39
12/6/2020,15.79,16.08,15.52,14.590948,15.63,3837000,1846.66
12/5/2020,15.78,16.01,15.68,14.917682,15.98,3191200,1726.87
12/2/2020,16.02,16.389999,15.68,15.263084,16.35,2967800,1636
12/1/2020,16.559999,16.85,16.469999,15.580482,16.690001,3428200,1487.76
11/30/2020,16.76,17.200001,16.4,15.757852,16.879999,3533200,1998.63
11/29/2020,16.969999,17.5,16.58,16.149929,17.299999,5349800,2444.39
11/28/2020,17.370001,17.75,17.17,16.121922,17.27,4706000,2098.12
11/25/2020,18.049999,18.790001,17.709999,16.598022,17.780001,10326300,1729.5
11/24/2020,18.040001,18.040001,17.190001,16.084579,17.23,6105700,2571.17
11/23/2020,17.25,17.309999,16.77,15.907215,17.040001,4954900,2551.58
11/22/2020,17,17.549999,16.34,15.869874,17,7438000,3996.57
11/21/2020,17.040001,17.26,16.57,15.944554,17.08,3604500,2322.63
11/18/2020,16.809999,16.950001,16.34,15.356441,16.450001,2701200,2408.65
11/17/2020,16.57,17.18,16.57,16.02857,17.17,4302500,1571.34
11/16/2020,17.48,17.48,16.860001,15.739183,16.860001,3969900,5766.07
11/15/2020,17.030001,17.129999,16.059999,15.384444,16.48,5599000,2821.05
11/11/2020,16.450001,16.6,15.93,14.955024,16.02,3685700,3676.04
11/10/2020,16.16,16.66,16.02,15.431121,16.530001,2022200,2726.12
11/9/2020,16.559999,17.25,16.52,15.953889,17.09,4634600,6252.64
11/8/2020,17.309999,17.35,16.690001,15.89788,17.030001,5892300,3546.48
11/7/2020,16.950001,16.950001,16.17,15.141728,16.219999,4687600,2510.17
11/4/2020,15.96,15.96,15.17,14.329562,15.35,7758800,5932.76
11/3/2020,15.48,16.07,15.47,14.871004,15.93,4399700,2736.84
11/2/2020,16.110001,16.459999,16.07,15.253749,16.34,3391100,2751.99
11/1/2020,16.32,16.6,16.120001,15.263084,16.35,2744500,2087.7
10/30/2020,16.549999,17.35,16.549999,15.944554,17.08,6964200,598.95
10/28/2020,17.110001,17.26,16.9,16.084579,17.23,2754800,3195.54
10/27/2020,17.4,17.49,16.99,16.056583,17.200001,3102000,11813.66
10/26/2020,17.18,17.290001,16.74,15.981894,17.120001,2741900,5290.8
10/25/2020,17.530001,17.65,17.18,16.355307,17.52,5122700,4848.43
10/24/2020,17.4,17.870001,17.219999,16.62603,17.809999,4032700,4200.26
10/21/2020,17.92,18.1,17.16,16.29929,17.459999,3985300,2667.13
10/20/2020,17.48,18,17.459999,16.448654,17.620001,3520800,4276.92
10/19/2020,17.639999,17.74,17.209999,16.20594,17.360001,2031700,10411.71
10/18/2020,17.32,17.85,17.26,16.196609,17.35,2976900,4153.1
10/17/2020,17.42,17.969999,16.83,16.551346,17.73,4288100,4826.62
10/14/2020,17.790001,17.969999,17.469999,16.570015,17.75,3464900,6001.16
10/13/2020,17.700001,18.23,17.049999,16.084579,17.23,3794700,4631.63
10/10/2020,17.24,17.370001,16.67,15.627155,16.74,5533800,3145.51
10/7/2020,16.219999,16.48,12,12.565205,13.46,43620800,6233.4
10/6/2020,13.53,13.56,11.87,12.135785,13,31356000,9528.1
10/5/2020,13.44,13.56,12.52,12.023764,12.88,15654700,14554.9
10/4/2020,13.15,13.34,12.6,12.005092,12.86,6877000,3782.65
10/3/2020,12.75,13.52,12.6,12.471853,13.36,7675400,2741
9/30/2020,13.54,13.54,12.48,11.706367,12.54,8122800,2041.23
9/29/2020,12.81,13.1,12.7,12.201132,13.07,5451600,6621.12
9/28/2020,12.85,13.25,12.63,12.257143,13.13,4352000,9527.29
9/27/2020,13.21,13.6,13.08,12.686565,13.59,5198400,4746.09
9/26/2020,13.54,13.78,13.26,12.761243,13.67,4602300,3938.54
9/23/2020,13.79,13.85,13.44,12.630551,13.53,4018000,5004.07
9/22/2020,13.54,14.15,13.54,12.826591,13.74,5094800,1671.52
9/21/2020,14.41,14.92,14.12,13.386707,14.34,10621200,2272.11
9/20/2020,14.59,14.75,14.38,13.601414,14.57,4863500,2480.4
9/19/2020,14.52,14.7,14.35,13.620086,14.59,3679900,1906.02
9/16/2020,14.59,14.72,14.43,13.713438,14.69,2876600,4235.35
9/15/2020,14.54,14.54,14.1,13.489392,14.45,3923200,1991.88
9/14/2020,14.33,14.48,13.81,13.171996,14.11,3991700,1429.46
9/12/2020,14.47,14.5,13.82,13.013297,13.94,3268000,3060.59
9/9/2020,13.93,14.04,13.55,12.835928,13.75,3497800,1687.44
9/8/2020,13.77,14.07,13.75,13.069308,14,2129500,1647
9/7/2020,13.19,13.81,13.19,12.779917,13.69,1293800,3401.42
9/6/2020,13.7,13.89,13.54,12.798588,13.71,2339700,1852.52
9/2/2020,13.92,14.31,13.87,13.171996,14.11,3141200,2384.65
9/1/2020,14.16,14.55,13.99,13.115985,14.05,3163100,3534.56
8/31/2020,14.11,14.26,13.64,12.751909,13.66,3361900,1969.16
8/30/2020,14.35,14.62,13.88,13.592081,14.56,8071900,2561.91
8/29/2020,14.46,14.85,14.36,13.545403,14.51,3513500,2231.58
8/26/2020,14.46,14.6,14.22,13.461387,14.42,2205600,2058.33
8/25/2020,14.38,14.42,13.98,13.190666,14.13,2944100,6958.79
8/24/2020,14.33,14.74,14.1,13.741443,14.72,3525500,4163.7
8/23/2020,14.75,14.92,14.59,13.900141,14.89,1690100,1791.19
8/22/2020,14.94,15.03,14.65,13.918816,14.91,1803800,1947.98
8/19/2020,14.82,14.88,14.66,13.73211,14.71,1968900,3228.51
8/18/2020,14.78,14.9,14.49,13.573412,14.54,2830600,1250.08
8/17/2020,14.4,14.53,14.07,13.134656,14.07,3119700,1074.7
8/16/2020,14.19,14.39,14.03,13.386707,14.34,3274400,2088.3
8/12/2020,14.38,14.65,14.37,13.489392,14.45,2138600,1414.49
8/11/2020,14.52,14.56,14.25,13.480059,14.44,1775900,1568.72
8/10/2020,14.46,14.54,14.1,13.340027,14.29,2593000,4614.1
8/9/2020,14.35,14.6,14.25,13.61075,14.58,871900,12302.18
8/8/2020,14.61,14.76,14.27,13.424047,14.38,1410700,3446.81
8/5/2020,14.38,14.57,14.1,13.2,14.14,2409000,1988.02
8/4/2020,14.08,14.46,14.08,13.470721,14.43,2185900,2088.78
8/3/2020,14.37,14.47,14.08,13.162661,14.1,2933600,1996.69
8/2/2020,14.32,14.87,14.25,13.806791,14.79,3905600,1646.87
8/1/2020,14.77,15.88,14.77,14.702971,15.75,6883000,2823.73
7/29/2020,15.76,15.97,15.6,14.777652,15.83,3111400,4351.61
7/28/2020,15.81,15.9,15.45,14.572278,15.61,2950500,5255.56
7/27/2020,15.57,16.18,15.45,14.880338,15.94,3449000,4878.82
7/26/2020,16.110001,16.389999,15.89,14.871004,15.93,3391400,1687.67
7/25/2020,15.78,15.78,15.12,14.460254,15.49,2887400,2195.84
7/22/2020,15.49,15.52,14.59,13.834797,14.82,5061900,2649.89
7/21/2020,14.88,15.21,14.62,14.180198,15.19,2812500,2501.25
7/20/2020,15.19,15.32,14.78,14.021501,15.02,3755900,2518.99
7/19/2020,14.91,15.04,14.7,13.778786,14.76,3330600,5074
7/18/2020,14.59,14.65,14.3,13.414711,14.37,2804900,3004.79
7/15/2020,14.35,14.38,13.69,12.835928,13.75,7301300,2112.71
7/14/2020,13.78,13.92,13.15,12.359831,13.24,3920100,1448.93
7/13/2020,13.51,13.63,13.19,12.341161,13.22,2430400,1726.29
7/12/2020,13.17,13.56,13.02,12.509192,13.4,3795800,2157.91
7/11/2020,13.48,14.35,13.35,13.18133,14.12,7413100,2259.91
7/8/2020,14.32,14.37,13.21,12.462518,13.35,4296800,1718.88
7/7/2020,13.62,13.9,13.17,12.453185,13.34,3955200,2871.1
7/5/2020,13.48,13.65,13.3,12.667893,13.57,2698600,1269.1
7/4/2020,13.62,14.08,13.59,13.003961,13.93,2592900,1539.68
7/1/2020,13.85,13.96,13.65,12.826591,13.74,2396200,7243.79
6/30/2020,13.52,13.52,12.88,12.042433,12.9,3560900,3671.52
6/29/2020,12.87,12.96,12.06,11.799716,12.64,4587400,3551.68
6/28/2020,12.6,12.86,12.32,11.669023,12.5,2701500,3275.46
6/27/2020,12.79,13,12.66,12.023764,12.88,2963300,2715.77
6/24/2020,12.86,13.08,12.66,11.986422,12.84,2409500,4327.25
6/23/2020,12.79,13.29,12.71,12.369166,13.25,3548400,1784.79
6/22/2020,13,13.33,12.87,12.39717,13.28,2562000,3546.81
6/21/2020,13.43,13.5,13.19,12.51853,13.41,3063900,563.25
6/20/2020,13.35,13.99,13.35,12.975955,13.9,4430500,923.88
6/17/2020,14.36,14.79,14.05,13.349364,14.3,7640400,2178.65
6/16/2020,14.18,14.23,13.3,12.565205,13.46,9206100,1881.45
6/15/2020,13.53,13.57,13.1,12.275815,13.15,5198100,2116.66
6/14/2020,13.06,13.22,12.73,11.893071,12.74,5942200,3705.09
6/13/2020,12.84,13.08,12.72,12.201132,13.07,5817900,5461.09
6/10/2020,12.78,12.83,12.57,11.893071,12.74,7262800,1119.05
6/9/2020,12.81,13.09,12.75,12.126449,12.99,6597000,3554.62
6/8/2020,13.06,13.49,13.06,12.406507,13.29,4401900,2952.57
6/7/2020,13.46,13.56,13.24,12.434514,13.32,4780900,826.5
6/6/2020,13.37,13.48,13.23,12.425178,13.31,2854100,1034.82
6/3/2020,13.27,13.35,13.13,12.443848,13.33,3652900,2152.68
6/2/2020,13.5,13.75,13.24,12.789253,13.7,5240900,651.64
6/1/2020,13.79,13.79,13.52,12.770581,13.68,2080400,689.22
5/31/2020,13.61,13.77,13.5,12.733242,13.64,2472000,777.45
5/30/2020,13.68,13.74,13.38,12.6959,13.6,3635100,819.71
5/27/2020,13.56,13.75,13.4,12.742573,13.65,3017600,797.88
5/26/2020,13.9,14.01,13.69,12.901272,13.82,3214300,1646.87
5/25/2020,13.8,13.89,13.52,12.826591,13.74,2144000,2143.66
5/24/2020,13.67,13.77,13.52,12.649224,13.55,3198400,1732.8
5/23/2020,13.56,13.68,13.45,12.630551,13.53,3923500,1705.09
5/20/2020,13.56,13.58,13.24,12.462518,13.35,3577100,561.05
5/19/2020,13.01,13.41,12.85,12.145121,13.01,5915400,1306.62
5/18/2020,12.88,13,12.75,12.070441,12.93,5883300,776.14
5/17/2020,12.98,13.46,12.89,12.443848,13.33,5856700,1287.08
5/16/2020,13.21,13.4,13.15,12.39717,13.28,2729100,825.83
5/13/2020,13.46,13.54,13.14,12.313154,13.19,3326300,1319.18
5/12/2020,13.29,13.36,12.85,12.163791,13.03,4440400,704.54
5/11/2020,13.14,13.27,12.98,12.275815,13.15,3875500,731.78
5/10/2020,13.14,13.22,12.89,12.079773,12.94,3926700,625.29
5/9/2020,12.79,12.9,12.6,11.799716,12.64,4564500,1437.25
5/6/2020,12.78,13.07,12.77,12.023764,12.88,3122400,772.29
5/5/2020,13.06,13.13,12.94,12.163791,13.03,3051100,868.5
5/4/2020,12.91,13.06,12.85,12.107782,12.97,2926200,1054.9
5/3/2020,13.01,13.01,12.78,11.939746,12.79,4102800,1638.36
5/2/2020,12.81,13.03,12.7,12.107782,12.97,5171100,860.64
4/29/2020,13.05,13.06,12.87,12.014429,12.87,5018600,1042.22
4/28/2020,12.88,13.02,12.87,12.098445,12.96,3900300,2587.18
4/27/2020,13,14.06,12.9,13.02263,13.95,10746200,2396.79
4/26/2020,14.04,14.36,13.52,13.293352,14.24,8453100,1199.34
4/25/2020,14.21,14.78,14.11,13.676099,14.65,6660200,943.57
4/22/2020,14.63,14.81,14.04,13.32136,14.27,5393800,863.98
4/21/2020,14.15,14.44,13.78,13.171996,14.11,4570600,1079.74
4/20/2020,14.24,14.42,14.19,13.358698,14.31,4394400,1904.59
4/18/2020,14.4,14.66,14.26,13.601414,14.57,6084500,918.68
4/13/2020,14.35,14.52,14.05,13.526734,14.49,4088300,1116.52
4/12/2020,14.48,15.06,14.41,13.61075,14.58,7235900,938.67
4/11/2020,14.65,14.87,14.39,13.508064,14.47,5337100,1254.56
4/8/2020,14.41,14.54,13.87,13.115985,14.05,7606600,765.29
4/7/2020,14.72,15.27,13.76,12.901272,13.82,11435800,1370.59
4/6/2020,14.01,14.5,13.72,13.358698,14.31,8092000,1576.32
4/5/2020,14.34,14.52,13.4,12.5372,13.43,9136000,1986.04
4/4/2020,13.57,14.06,13.52,13.02263,13.95,4231200,1013.25
4/1/2020,13.73,13.75,13.37,12.583875,13.48,5291700,1873.57
3/31/2020,13.22,13.73,12.88,12.331827,13.21,8474300,1972.21
3/30/2020,13.13,13.75,11.62,11.93041,12.78,10494000,2319.85
3/29/2020,12.67,12.86,11.85,11.304951,12.11,10527100,4282.06
3/28/2020,12.97,13.04,12.6,11.977088,12.83,4919400,1653.92
3/23/2020,12.61,13.03,12.51,11.855727,12.7,3286600,1478.76
3/22/2020,12.76,13.21,12.76,12.275815,13.15,3905800,1792.49
3/21/2020,13.11,13.61,13.09,12.481189,13.37,6580300,1006.63
3/18/2020,13.2,13.25,12.92,12.182464,13.05,6834000,2442.85
3/17/2020,13.09,13.34,12.55,12.089111,12.95,5696900,1617.02
3/16/2020,13.15,13.22,12.27,11.566339,12.39,8734400,1109.23
3/15/2020,12.26,12.26,11.44,11.174257,11.97,8981400,1250.14
3/14/2020,11.38,11.7,11.21,10.464782,11.21,9691200,1852.75
3/11/2020,10.96,11.64,10.85,10.576803,11.33,7652800,1358.32
3/10/2020,11.3,11.42,11.09,10.371431,11.11,3706700,1370.57
3/9/2020,10.79,11.27,10.59,10.502123,11.25,6974800,1812.31
3/8/2020,11.42,11.7,11.33,10.71683,11.48,5607600,1927.34
3/4/2020,11.89,12.19,11.78,11.370297,12.18,3901700,1536.64
3/3/2020,12.17,12.33,11.73,11.108912,11.9,3684800,1382.47
3/2/2020,11.69,11.9,11.4,10.64215,11.4,3866200,1351.06
3/1/2020,11.5,11.84,11.4,11.0529,11.84,2872700,1591.12
2/29/2020,11.94,12.25,11.83,11.258274,12.06,2979300,1719.38
2/26/2020,11.84,12.05,11.41,10.726166,11.49,5771300,2512.03
2/25/2020,11.52,11.68,10.97,10.306084,11.04,3471700,9939.52
2/24/2020,11.1,11.25,10.74,10.194061,10.92,5197700,809.55
2/23/2020,10.98,11.28,10.73,10.054031,10.77,4020400,1111.6
2/22/2020,11.06,11.31,10.93,10.520794,11.27,2805400,1253.34
2/19/2020,11.06,11.61,11.05,10.819519,11.59,2850900,1431.57
2/18/2020,11.77,12.15,11.58,11.024894,11.81,3752900,1493.94
2/17/2020,11.98,12.36,11.89,11.53833,12.36,2620900,1304.05
2/16/2020,12.21,12.29,11.92,11.23027,12.03,2753800,1412.03
2/15/2020,12.12,12.12,11.7,11.146254,11.94,2452200,1163.62
2/12/2020,12,12.23,11.92,11.192928,11.99,2165300,2152.86
2/11/2020,12.23,12.62,12.22,11.472987,12.29,3325800,6005.93
2/10/2020,12.29,12.58,11.98,11.267611,12.07,3122300,1954.04
2/9/2020,12.12,12.15,11.73,11.174257,11.97,2451200,1349
2/8/2020,11.83,11.88,11.56,10.838189,11.61,2205900,1528.91
2/5/2020,11.62,11.66,11.24,10.64215,11.4,5552200,976.55
2/4/2020,11.43,11.52,11.18,10.474115,11.22,4320200,1366.68
2/3/2020,11,11.04,10.14,9.540594,10.22,6664600,1080.52
2/2/2020,10.25,10.48,9.89,9.279207,9.94,5992800,923.04
2/1/2020,10.02,10.23,9.65,9.447244,10.12,6396200,752.61
1/29/2020,10.25,10.32,9.88,9.344557,10.01,2850500,1162.35
1/28/2020,10.18,10.39,9.81,9.241867,9.9,4216000,1901.94
1/27/2020,9.96,10.4,9.95,9.68996,10.38,3317300,815.65
1/25/2020,10.52,10.75,10.44,10.026023,10.74,3579900,855.91
1/22/2020,10.76,10.94,10.69,10.166057,10.89,2878600,1349.05
1/21/2020,10.86,11.09,10.77,10.156718,10.88,2183500,1613.85
1/20/2020,11.05,11.51,11.05,10.688828,11.45,3998300,1560.91
1/19/2020,11.41,11.55,11.31,10.726166,11.49,2744700,1766.28
1/18/2020,11.53,11.71,11.23,10.884867,11.66,2550200,2571.55
1/15/2020,11.52,11.63,10.88,10.21273,10.94,4293800,2297.61
1/14/2020,10.96,11.18,10.81,10.334085,11.07,2500200,1916.53
1/13/2020,10.82,11.37,10.75,10.56747,11.32,3036600,2586.28
1/12/2020,11.51,11.87,11.32,10.950212,11.73,6551900,1896.92
1/11/2020,11.92,12.27,11.86,11.416973,12.23,4062700,1714.3
1/8/2020,12.24,12.25,11.98,11.40764,12.22,4699700,1841.84
1/7/2020,12.15,12.51,12.11,11.547667,12.37,4539800,1461.84
1/6/2020,12.38,12.56,12.14,11.379633,12.19,8614000,1225.47
1/5/2020,12.12,12.26,11.62,11.155586,11.95,8367100,2195.84
1/4/2020,12.31,12.66,10.62,10.520794,11.27,13588200,1367.84
1/1/2020,11.19,11.19,10.53,9.960681,10.67,11159600,1148.71
12/31/2019,10.85,11.5,10.85,10.688828,11.45,9382600,2140.74
12/30/2019,11.48,11.51,11.15,10.64215,11.4,6658700,2531.27
12/29/2019,11.39,11.54,11.24,10.71683,11.48,3913600,1794.94
12/28/2019,11.41,11.53,11.22,10.688828,11.45,3171200,1125.27
12/24/2019,11.2,11.27,10.86,10.408769,11.15,5347700,2070.14
12/23/2019,11.25,11.29,11.09,10.362095,11.1,2851700,796.72
12/22/2019,10.91,11,10.72,10.166057,10.89,3156000,864.77
12/21/2019,10.61,10.65,10.41,9.745969,10.44,3209200,1486.74
12/18/2019,10.3,10.3,9.98,9.381897,10.05,5764800,1633.27
12/17/2019,10.15,10.63,9.95,9.316546,9.98,6811400,2391.93
12/16/2019,10,10.16,9.83,9.251204,9.91,4302000,1629.29
12/15/2019,10.09,10.45,9.99,9.615276,10.3,4080000,789.08
12/14/2019,10.32,10.61,10.25,9.848658,10.55,4575800,1035.44
12/11/2019,10.49,10.54,9.95,9.325887,9.99,3929400,1118.18
12/10/2019,9.92,10.04,9.8,9.195192,9.85,3847000,947.59
12/9/2019,9.97,9.97,9.64,8.999152,9.64,3512300,1547.19
12/8/2019,9.44,9.59,9.25,8.747102,9.37,6048200,1729
12/7/2019,9.37,9.73,9.1,9.027157,9.67,5508100,644.25
12/4/2019,9.69,10.07,9.58,8.971146,9.61,6698600,1014.28
12/3/2019,9.75,9.86,9.4,9.045829,9.69,5362500,932.1
12/2/2019,9.68,9.7,9.3,8.709759,9.33,3727500,771.53
12/1/2019,9.28,9.52,9.13,8.625744,9.24,4688400,1240.7
11/30/2019,9.48,9.71,9.37,8.896466,9.53,4263300,1165.48
11/27/2019,9.62,10.26,9.55,9.456577,10.13,6468400,1578.15
11/26/2019,10.27,10.5,10.2,9.615276,10.3,4536100,2570.62
11/24/2019,10.29,10.29,9.66,9.036492,9.68,5529600,825.13
11/23/2019,9.77,9.96,9.71,9.279207,9.94,3277400,1119.09
11/20/2019,10.09,10.26,9.96,9.437908,10.11,3045300,1547.91
11/19/2019,10.11,10.44,10.1,9.661954,10.35,4278000,637.58
11/18/2019,10.42,10.72,10.41,10.007357,10.72,3648800,1205.33
11/17/2019,10.64,10.77,10.5,9.998019,10.71,3830000,1523.05
11/16/2019,10.62,10.83,10.48,10.091374,10.81,2644500,744.3
11/13/2019,10.77,10.83,10.64,10.072701,10.79,1534300,940.98
11/11/2019,10.87,11.16,10.77,10.418106,11.16,4270300,128.04
11/10/2019,11.23,11.33,10.99,10.530129,11.28,4936200,666.03
11/9/2019,11.27,11.38,11.01,10.343423,11.08,4745400,1418.14
11/6/2019,10.98,11.05,10.63,9.94201,10.65,4682100,1083.85
11/5/2019,10.53,10.82,10.34,9.671287,10.36,3308200,1160.19
11/4/2019,10.59,10.84,10.56,10.100707,10.82,3341200,739.23
11/3/2019,10.89,10.98,10.72,10.128713,10.85,2257800,686.8
11/2/2019,10.86,10.86,10.51,10.110043,10.83,3698800,822.29
10/30/2019,10.77,10.96,10.71,10.063367,10.78,2706300,1040.85
10/29/2019,10.87,10.91,10.62,10.035361,10.75,3062600,2844.74
10/28/2019,10.93,11,10.85,10.128713,10.85,2899500,807.08
10/27/2019,10.83,10.91,10.52,9.857992,10.56,2578600,1204.09
10/26/2019,10.73,10.95,10.73,10.147387,10.87,4664800,1020.96
10/23/2019,10.88,10.94,10.72,10.194061,10.92,3219900,572.15
10/21/2019,11.01,11.12,10.81,10.240736,10.97,3022000,812.5
10/20/2019,11.03,11.65,11.01,10.800849,11.57,5450900,3446.98
10/19/2019,11.68,11.92,11.57,11.043565,11.83,3625800,544.71
10/16/2019,11.8,11.91,11.61,10.978218,11.76,3442200,477.91
10/15/2019,11.92,11.97,11.7,11.090242,11.88,2930900,794.31
10/14/2019,11.89,11.93,11.63,10.940877,11.72,3433600,1914.35
10/13/2019,11.91,12.06,11.61,11.174257,11.97,4731600,1368.62
10/12/2019,11.99,12.14,11.84,11.304951,12.11,2743500,764.14
10/9/2019,11.88,12.03,11.57,10.8942,11.67,3260700,1775
10/8/2019,11.73,12.02,11.69,11.090242,11.88,2542300,1126.76
10/7/2019,12.02,12.14,11.57,10.912872,11.69,3700800,1320.85
10/6/2019,11.67,11.81,11.65,10.959547,11.74,1230500,1321.99
10/5/2019,11.86,11.98,11.73,10.950212,11.73,2601700,980.21
10/1/2019,11.67,11.89,11.26,10.978218,11.76,3303100,1576.66
9/30/2019,11.66,11.76,11.41,10.838189,11.61,3759100,1171.44
9/29/2019,11.33,11.33,10.52,9.857992,10.56,12598600,1269.48
9/28/2019,10.61,10.65,10.1,9.540594,10.22,10015500,1587.58
9/24/2019,10.3,10.53,10.13,9.53126,10.21,5409400,1258.15
9/23/2019,10.36,10.36,10,9.363223,10.03,6070400,1308.78
9/22/2019,10.08,10.38,9.98,9.503255,10.18,7627300,1605.09
9/21/2019,10.36,11.04,10.3,9.792645,10.49,4609500,782.08
9/18/2019,10.49,10.52,10.35,9.773974,10.47,3647600,1602.92
9/16/2019,10.46,10.71,10.36,9.951344,10.66,4798700,859.2
9/15/2019,10.7,10.77,10.22,9.615276,10.3,4997400,1176.89
9/14/2019,10.3,10.41,10.06,9.484583,10.16,6797900,970.86
9/11/2019,10.05,10.35,10.05,9.624611,10.31,3634000,972.27
9/10/2019,10.2,10.3,10,9.428572,10.1,4074100,1276.1
9/9/2019,10.2,10.25,10.07,9.419234,10.09,3307100,1940.34
9/8/2019,10.03,10.1,9.77,9.195192,9.85,5444600,1692.06
9/7/2019,9.9,9.95,9.64,9.064499,9.71,3894600,1626.4
9/4/2019,9.86,10.29,9.81,9.493917,10.17,9038900,2994.97
9/3/2019,10.22,10.47,10.08,9.643283,10.33,4581900,5772.22
9/2/2019,10.24,10.3,10.11,9.540594,10.22,3333500,2277.36
9/1/2019,10.05,10.15,9.84,9.29788,9.96,5072500,3164.18
8/31/2019,10.03,10.2,10.02,9.437908,10.11,3634100,2394.47
8/28/2019,10.08,10.09,10,9.363223,10.03,956700,4145.58
8/27/2019,9.94,9.94,9.54,8.999152,9.64,6167100,8010
8/26/2019,9.52,9.68,9.51,8.92447,9.56,4247000,1656.95
8/25/2019,9.77,9.99,9.67,9.2232,9.88,5344600,5810.86
8/24/2019,9.93,10.12,9.85,9.195192,9.85,5508500,4533.74
8/21/2019,9.88,10,9.85,9.269874,9.93,4154700,1359.79
8/20/2019,9.91,10.49,9.9,9.727301,10.42,6387100,1801.53
8/19/2019,10.56,10.65,10.21,9.801978,10.5,5587800,2003.37
8/18/2019,10.5,10.63,10.4,9.78331,10.48,3902500,2943.2
8/17/2019,10.98,11.73,10.96,10.782181,11.55,14479500,1050.35
8/14/2019,11.58,11.58,10.91,10.595475,11.35,8899800,2261.48
8/13/2019,11.45,11.77,11.35,10.679491,11.44,5448200,1418.21
8/12/2019,11.5,11.7,11.37,10.660821,11.42,3929600,1614.87
8/11/2019,11.33,11.6,11.19,10.660821,11.42,4520800,1750.14
8/10/2019,11.42,11.8,11.4,10.978218,11.76,4723000,1752.87
8/7/2019,11.78,11.9,11.55,10.866198,11.64,4838100,1417.95
8/6/2019,11.64,11.82,11.59,10.987556,11.77,2222300,5520.4
8/5/2019,11.82,12,11.8,11.146254,11.94,2342200,2216.78
8/4/2019,11.92,12.01,11.76,11.202263,12,3125000,3027.33
8/3/2019,11.92,11.93,11.78,11.043565,11.83,1779200,2374.57
7/31/2019,11.79,12.14,11.65,11.248941,12.05,3120100,3262.18
7/30/2019,12.03,12.18,11.81,11.0529,11.84,3710100,2523.61
7/29/2019,11.91,12,11.82,11.034229,11.82,1848300,1589.08
7/28/2019,11.85,11.96,11.8,11.118245,11.91,1393000,1779.17
7/27/2019,11.9,11.94,11.85,11.062236,11.85,1391200,1720.29
7/24/2019,12,12.49,11.97,11.42631,12.24,4744000,2176.94
7/23/2019,12.21,12.5,12.21,11.50099,12.32,4693100,2839.13
7/22/2019,12.34,12.81,12.27,11.855727,12.7,6975800,1823.96
7/21/2019,12.75,12.79,12.21,11.454315,12.27,6111000,2742.65
7/20/2019,12.96,13.24,12.55,12.042433,12.9,11872700,3378.35
7/17/2019,12.95,13.17,12.63,12.257143,13.13,6852500,2921.63
7/16/2019,13.24,13.25,12.85,12.014429,12.87,5202000,1109.54
7/15/2019,13.06,13.24,12.94,12.313154,13.19,4896900,2113.74
7/14/2019,13.15,13.19,12.42,11.641021,12.47,8184400,2707.3
7/13/2019,12.52,12.53,12.03,11.323623,12.13,11506900,2348.59
7/10/2019,12.16,12.22,11.78,11.23027,12.03,6606700,2140.22
7/9/2019,12.01,12.17,11.57,10.8942,11.67,5770500,1413.1
7/8/2019,11.67,12.02,11.42,10.968884,11.75,7040500,2183.57
7/7/2019,11.84,12.04,11.58,10.810184,11.58,3868200,4355.13
7/6/2019,11.58,11.93,11.52,11.034229,11.82,3508600,1687.12
7/3/2019,11.94,12.18,11.9,11.351628,12.16,7066900,1412.33
7/2/2019,12.26,12.74,12.26,11.669023,12.5,6851600,2501
7/1/2019,12.03,12.45,11.98,11.491656,12.31,5550200,3586.44
6/30/2019,12.28,12.29,11.5,10.884867,11.66,7351800,5696.62
6/29/2019,11.74,11.88,11.7,11.090242,11.88,3247600,1809.6
6/26/2019,11.97,12.18,11.93,11.295615,12.1,2990900,1240.8
6/25/2019,12,12.19,11.96,11.286281,12.09,6820100,3687.65
6/24/2019,12.04,12.29,11.88,11.435642,12.25,6316300,2271.11
6/23/2019,12.87,12.96,12.55,11.911743,12.76,8106900,2837.31
6/22/2019,12.77,13.18,12.77,12.089111,12.95,7442500,1377.75
6/19/2019,12.98,13,12.86,12.079773,12.94,3283400,1720.83
6/18/2019,12.89,12.92,12.51,11.678359,12.51,5800200,1292.67
6/17/2019,12.99,14.37,12.94,13.349364,14.3,25334100,2962.18
6/16/2019,13.92,14.37,13.64,13.349364,14.3,11648300,1716.65
6/15/2019,14.17,14.3,13.81,13.246677,14.19,6228800,2490.3
6/12/2019,14.17,14.87,14.1,13.433383,14.39,8762300,3422.1
6/11/2019,14.54,15.2,14.45,13.984159,14.98,10836300,2149.62
6/10/2019,14.9,14.96,14.53,13.909475,14.9,5599100,1095.41
6/9/2019,15.1,15.15,14.74,13.900141,14.89,5192100,1200.24
6/8/2019,14.53,14.56,13.83,12.985291,13.91,7437700,2617.89
6/5/2019,13.93,14.25,13.34,12.761243,13.67,6996500,1047.42
6/4/2019,13.61,13.97,13.25,12.723905,13.63,5942900,2926.25
6/3/2019,13.66,13.94,13.52,12.975955,13.9,3825900,3142.58
6/2/2019,14.03,14.2,13.75,13.237343,14.18,5256500,2965.56
6/1/2019,14.19,14.34,13.61,12.835928,13.75,9606000,827.64
5/29/2019,13.73,14.03,13.68,13.059972,13.99,6573300,1949.39
5/28/2019,14.08,14.22,13.85,13.050637,13.98,5721400,7496.33
5/27/2019,13.98,14.03,13.52,12.770581,13.68,4754000,1353.39
5/26/2019,13.82,13.91,13.22,12.453185,13.34,4910100,1662.47
5/25/2019,13.43,14.18,13.38,13.18133,14.12,6060400,1292.69
5/22/2019,14.04,14.47,14,13.433383,14.39,6761800,1497.68
5/21/2019,14.1,14.33,13.93,13.115985,14.05,6169300,1028.35
5/20/2019,14.53,15.05,14.37,13.984159,14.98,11610200,2418.83
5/19/2019,14.77,15.45,14.65,14.068175,15.07,9294500,1688.58
5/18/2019,14.28,15.1,14.17,13.956153,14.95,7255600,2226.75
5/15/2019,14.94,14.95,14.3,13.517397,14.48,6755700,3278.78
5/14/2019,14.76,15.17,14.49,13.573412,14.54,6759300,2005.47
5/13/2019,14.92,15,14.75,13.834797,14.82,5280800,3217.77
5/12/2019,15.09,15.44,14.97,14.366904,15.39,5528600,4303.91
5/11/2019,15.6,15.71,14.74,14.030836,15.03,8538000,3334.45
5/8/2019,14.99,15,14.47,13.872137,14.86,5291700,2211.64
5/7/2019,14.86,15.15,14.69,14.086848,15.09,3582000,3275.22
5/6/2019,15.18,15.51,15.09,14.422914,15.45,4215400,3207.9
5/5/2019,14.99,15.2,14.5,13.601414,14.57,16088900,2584.34
5/4/2019,14.66,14.84,14.61,13.760114,14.74,12952600,1584.73
4/30/2019,14.81,15.06,14.66,13.956153,14.95,10728300,3487.14
4/29/2019,14.88,15.07,14.73,13.984159,14.98,5949700,2617.78
4/28/2019,15.15,15.47,15.11,14.208205,15.22,5582000,5266.83
4/27/2019,15.22,15.24,14.93,14.021501,15.02,3705100,4300.52
4/24/2019,14.94,15.37,14.91,14.301557,15.32,5880400,1748.12
4/23/2019,15.46,15.59,15.14,14.189534,15.2,5196800,3494.39
4/22/2019,15.2,15.65,15.05,14.068175,15.07,4446100,4056.15
4/21/2019,15.15,15.3,14.95,14.00283,15,5216000,4690.1
4/20/2019,15.05,15.08,14.49,13.638756,14.61,5795400,2696.67
4/17/2019,14.5,15.1,14.44,14.021501,15.02,6096700,1947.21
4/16/2019,15.12,15.28,14.93,14.012166,15.01,6890400,2177.09
4/15/2019,14.83,14.95,14.6,13.853466,14.84,7306200,6782.77
4/13/2019,14.94,15.19,14.8,14.142857,15.15,5266900,5017.83
4/10/2019,14.87,15.28,14.7,14.236208,15.25,7019500,10128.78
4/9/2019,15.3,15.67,15.25,14.357571,15.38,6924500,1296.8
4/8/2019,15.68,15.76,15.5,14.534936,15.57,6204400,1737.96
4/7/2019,15.66,16.09,15.56,14.899013,15.96,5866900,2737.89
4/6/2019,16.08,16.290001,15.88,15.151062,16.23,6311800,1273.34
4/1/2019,16.42,16.74,15.95,14.992362,16.059999,9303800,867.44
3/31/2019,16.139999,16.440001,15.99,15.085713,16.16,5978600,2073.89
3/30/2019,16.08,16.4,15.99,15.123055,16.200001,8210500,1214.3
3/27/2019,17.870001,18.68,17.57,16.94342,18.15,26048400,3052.8
3/26/2019,18.25,18.27,17.58,16.570015,17.75,9510700,3012.11
3/25/2019,17.780001,17.969999,17.459999,16.486,17.66,9999600,2326.57
3/24/2019,17.74,17.85,17.370001,16.420656,17.59,9526700,1961.73
3/23/2019,17.379999,17.879999,17.129999,16.29929,17.459999,5704300,1821.99
3/20/2019,17.709999,18.040001,17.469999,16.392647,17.559999,5842400,2762.52
3/19/2019,17.610001,18.299999,17.52,17.018103,18.23,8174800,2744.14
3/18/2019,18.27,18.83,18.07,17.475533,18.719999,9409300,1989.44
3/17/2019,18.690001,18.74,17.719999,16.644697,17.83,10879200,2211.87
3/16/2019,17.719999,18.25,17.5,16.794064,17.99,6400000,2069.88
3/13/2019,18.01,18.190001,17.66,16.588684,17.77,5219200,3513.26
3/12/2019,17.74,18.02,17.530001,16.392647,17.559999,4211300,3406.94
3/11/2019,17.5,17.540001,16.66,15.860541,16.99,11056700,2802.86
3/10/2019,17.200001,17.48,17.1,16.280624,17.440001,8094700,2151.99
3/9/2019,17.49,17.85,17.48,16.542006,17.719999,6655700,3668.1
3/5/2019,17.58,17.74,17.280001,16.401979,17.57,4453900,2253.68
3/4/2019,17.16,17.42,17.01,16.131262,17.280001,4426100,3543.11
3/3/2019,17.389999,17.65,16.709999,15.627155,16.74,6181900,6991.32
3/2/2019,16.700001,17.200001,16.530001,15.972561,17.110001,5454600,1902.4
2/28/2019,17.02,17.52,16.879999,16.327297,17.49,5434900,1263.62
2/27/2019,17.549999,17.639999,17.360001,16.345974,17.51,3131500,2393.9
2/26/2019,17.77,17.790001,17.5,16.551346,17.73,4322300,4531.01
2/25/2019,17.67,17.700001,16.860001,15.757852,16.879999,5294000,2388.09
2/24/2019,16.879999,17.120001,16.360001,15.617823,16.73,7256800,2178.49
2/23/2019,16.4,16.799999,16,15.412449,16.51,6083300,2559.44
2/20/2019,16.5,16.610001,16.02,14.992362,16.059999,4631700,4624.45
2/19/2019,16.17,16.299999,15.82,14.945688,16.01,6158700,2161.16
2/18/2019,16,16.190001,15.86,14.927015,15.99,6556000,1762.78
2/16/2019,16.09,16.51,15.98,14.992362,16.059999,11204200,1087.98
2/13/2019,15.64,15.7,14.86,13.993495,14.99,12856600,2463.48
2/12/2019,14.99,15.09,14.56,13.797452,14.78,7199500,2675.02
2/11/2019,14.94,15.39,14.89,14.021501,15.02,9185400,1735.14
2/10/2019,14.84,15.22,14.72,13.956153,14.95,7048600,2596.83
2/9/2019,14.93,15.06,14.5,13.76945,14.75,5631500,2209.3
2/6/2019,14.93,15.04,14.51,13.816127,14.8,5691800,2126.97
2/5/2019,14.72,15.1,14.57,13.928149,14.92,3934200,3759.09
2/4/2019,15.04,15.67,14.99,14.55361,15.59,5561300,2516.83
2/3/2019,15.46,15.86,15.41,14.441586,15.47,4001900,3110.99
2/2/2019,15.2,15.78,15.07,14.721643,15.77,4963500,8901.67
1/30/2019,15.77,15.98,15.61,14.824329,15.88,6515500,6490.15
1/29/2019,15.88,16.23,15.63,14.973695,16.040001,5275300,4476.22
1/28/2019,16.120001,16.32,16,15.17907,16.26,4330600,2885.37
1/27/2019,16.379999,16.65,16.200001,15.496464,16.6,4326800,2614.45
1/23/2019,16.66,16.969999,16.549999,15.655165,16.77,5027400,3892.41
1/22/2019,16.860001,17.33,16.75,16.140598,17.290001,6492600,3695.01
1/21/2019,17.219999,17.530001,17.15,16.196609,17.35,5953900,4264.27
1/20/2019,17.25,18,17.15,16.66337,17.85,9087800,1895.53
1/19/2019,18.040001,18.129999,17.379999,16.271288,17.43,11072000,1563.52
1/16/2019,17.16,17.280001,16.940001,16.084579,17.23,5269600,2007.98
1/15/2019,16.83,17.1,16.629999,15.6645,16.780001,6294000,1848.1
1/14/2019,16.67,17.42,16.610001,16.009903,17.15,6986200,2140.11
1/13/2019,17.309999,17.76,17.24,16.168598,17.32,5492000,2417.14
1/12/2019,17.41,17.870001,17.190001,16.336637,17.5,6184300,2590.49
1/9/2019,17.559999,17.860001,17.51,16.654028,17.84,5847600,6224.83
1/8/2019,17.709999,17.950001,17.129999,16.140598,17.290001,5342000,3501.39
1/7/2019,17.42,17.610001,17.17,16.336637,17.5,6521500,4090.99
1/6/2019,17.6,17.6,17.15,16.187267,17.34,4521400,3565.59
1/5/2019,17.5,18.1,17.309999,16.654028,17.84,7872200,2866.56
1/2/2019,17.879999,18.07,17.700001,16.700714,17.889999,2769200,3114.04
1/1/2019,17.559999,17.959999,17.469999,16.47666,17.65,3668000,809.15
12/31/2018,17.639999,18.1,17.17,16.47666,17.65,5022500,2033.66
12/30/2018,17.48,17.700001,17.02,16.02857,17.17,8514000,1113.03
12/29/2018,18.15,18.25,15.69,14.871004,15.93,22068400,1355.87
12/26/2018,15.72,16.27,15.5,15.095051,16.17,8968400,1464.89
12/24/2018,16.280001,16.469999,15.63,14.936351,16,7644500,10234.09
12/23/2018,15.84,16.120001,15.1,14.096184,15.1,8636200,2066.45
12/22/2018,15.07,15.63,14.77,14.469592,15.5,6713600,2437.44
12/19/2018,15.21,15.5,13.95,13.125319,14.06,13971700,2155.17
12/18/2018,14.41,14.73,13.04,12.649224,13.55,12892400,2274.32
12/17/2018,12.87,13.11,11.22,10.772843,11.54,18707200,7111.7
12/16/2018,11.95,12.44,11.58,11.585007,12.41,16082400,4237.13
12/15/2018,12.13,12.63,11.82,11.071571,11.86,12352000,2301.64
12/12/2018,11.94,12.8,11.65,11.734373,12.57,15669800,2134.25
12/11/2018,12.81,13.9,12.76,12.583875,13.48,14543900,1568.11
12/10/2018,13.78,14.03,13.65,13.069308,14,7007400,1720.32
12/9/2018,13.85,14.08,13.5,12.817256,13.73,8771500,2092.18
12/8/2018,13.77,13.89,13.1,12.453185,13.34,7470900,2519.47
12/5/2018,12.68,12.68,11.59,10.968884,11.75,10149400,2363.59
12/4/2018,11.51,11.83,10.77,10.156718,10.88,9886500,2754.59
12/3/2018,11.27,11.93,10.75,10.063367,10.78,10500700,4640.58
12/2/2018,10.8,11.7,10.65,10.912872,11.69,8184200,5601.51
12/1/2018,11.56,12.12,11.45,11.248941,12.05,5823400,3041.02
11/28/2018,12.23,12.28,11.36,10.632816,11.39,7414700,6004.17
11/27/2018,11.26,11.88,11.03,11.024894,11.81,5518900,11306.09
11/26/2018,12.04,12.54,11.99,11.678359,12.51,4109100,2529.82
11/25/2018,12.34,12.61,12.08,11.603679,12.43,5881300,2627.56
11/24/2018,12.64,13.1,12.32,11.631686,12.46,6800400,2872.28
11/21/2018,12.43,12.51,12.02,11.267611,12.07,7388600,2423.46
11/20/2018,11.85,11.94,11.29,10.735502,11.5,5130400,2614.65
11/19/2018,10.86,11.31,10.63,10.324755,11.06,10371000,5966.47
11/18/2018,11.34,11.73,11.18,10.847526,11.62,7833500,2730.7
11/17/2018,11.51,11.79,11.18,10.492787,11.24,6093600,7408.49
11/14/2018,11.04,11.44,10.63,10.063367,10.78,11567800,4078.76
11/13/2018,10.72,10.89,10.02,9.643283,10.33,13435700,3157.95
11/12/2018,10.39,10.96,10.3,10.054031,10.77,9671300,2959.17
11/11/2018,10.88,11.14,10.46,10.250072,10.98,7799000,2634.39
11/10/2018,11.07,11.34,10.89,10.324755,11.06,6549500,2497.12
11/7/2018,11.07,11.23,10.96,10.352758,11.09,5914300,4160.75
11/5/2018,10.8,11.1,10.74,10.231402,10.96,4998800,3948.85
11/3/2018,11,11.1,10.66,9.979349,10.69,4394800,4416.86
10/31/2018,10.84,10.86,10,9.344557,10.01,5447200,7604.24
10/30/2018,9.62,9.86,9.15,8.765772,9.39,8474500,7236.35
10/29/2018,9.32,9.94,9.25,9.204527,9.86,6278400,1700.6
10/28/2018,10,10.17,9.5,9.484583,10.16,6591600,1806.42
10/27/2018,10.61,10.99,10.48,9.839323,10.54,6857300,1603.41
10/23/2018,10.57,10.69,9.92,9.288543,9.95,3586500,833.42
10/22/2018,10.25,10.66,10.18,9.755301,10.45,8916600,3147.75
10/21/2018,10.23,10.56,10.03,9.419234,10.09,6906900,4011.2
10/20/2018,10,10.22,9.35,8.747102,9.37,8720200,3207.19
10/17/2018,9.09,9.91,8.53,9.2232,9.88,8300000,6023.07
10/16/2018,9.87,10.32,9.63,9.5686,10.25,6184700,3500.78
10/14/2018,10.27,10.76,10.09,10.016689,10.73,5706300,3097.04
10/13/2018,10.93,11,10.25,9.615276,10.3,7037800,3195.34
10/10/2018,10.67,10.99,10.61,10.203394,10.93,5374000,5845.16
10/9/2018,10.85,11.48,10.77,10.679491,11.44,6208700,5202.87
10/8/2018,11.59,12,11.59,11.062236,11.85,8557000,2437.49
10/7/2018,11.72,11.91,11.44,11.034229,11.82,5266200,3656.4
10/1/2018,12.04,12.3,11.85,11.454315,12.27,5705900,1915.37
9/30/2018,12.15,12.27,11.77,11.043565,11.83,4756600,3068.51
9/29/2018,11.87,12.57,11.7,11.547667,12.37,5815500,3353.22
9/26/2018,12.3,12.4,11.81,11.127584,11.92,4389400,4637.96
9/25/2018,11.94,12.17,11.67,11.323623,12.13,3434400,4790.09
9/24/2018,12.3,13.04,12.3,12.107782,12.97,8055100,3644.9
9/23/2018,13.04,13.99,12.95,12.733242,13.64,9813100,5186.1
9/22/2018,13.51,13.52,13.04,12.453185,13.34,6256800,7371.9
9/19/2018,13.49,13.58,13.08,12.565205,13.46,6471400,10619.19
9/18/2018,14.01,14.4,13.85,13.209334,14.15,10843800,3674.2
9/17/2018,15.17,15.47,14.62,13.853466,14.84,13223800,4396.31
9/16/2018,14.77,14.93,14.05,13.405375,14.36,8900000,6123.67
9/15/2018,13.53,13.87,13,12.686565,13.59,10312300,4600.91
9/12/2018,13.94,14.08,13.57,12.919942,13.84,5388300,7303.7
9/11/2018,14.16,14.43,13.59,13.424047,14.38,7327300,10330.87
9/10/2018,14.22,14.42,13.78,13.349364,14.3,5304500,3201.93
9/9/2018,14.28,14.42,13.77,13.256012,14.2,4308000,3317.68
9/8/2018,14.3,14.35,13.89,13.330696,14.28,5820100,5606.74
9/5/2018,13.7,13.94,13.23,12.490524,13.38,7460800,7205.7
9/4/2018,13.64,13.73,13.25,12.611883,13.51,5157300,9057.72
9/3/2018,13.76,14.1,13.73,13.003961,13.93,4246100,2799.1
9/2/2018,13.8,13.99,13.58,12.807922,13.72,3723200,2958.67
9/1/2018,13.62,14.01,13.52,12.985291,13.91,8383300,2468.07
8/28/2018,13.72,14.1,13.59,12.6959,13.6,6573800,4605.77
8/27/2018,13.6,13.64,12.86,12.126449,12.99,7082400,1584.33
8/26/2018,13.1,13.13,12.68,11.911743,12.76,5650600,1463.14
8/25/2018,12.2,12.28,11.83,11.332958,12.14,8202900,2339.38
8/22/2018,12.08,12.48,12.07,11.528997,12.35,5537000,1989.69
8/21/2018,12.2,12.25,11.97,11.2116,12.01,3575700,2856.86
8/20/2018,11.99,12.19,11.89,11.13692,11.93,1593200,4947.97
8/19/2018,12.54,13,12.47,12.042433,12.9,5116000,2870.42
8/18/2018,12.94,13.08,12.76,11.958418,12.81,3426500,1865.07
8/14/2018,13.52,14.02,13.42,13.059972,13.99,7734800,1853.86
8/13/2018,13.91,14.13,13.67,12.994627,13.92,5594400,2307.57
8/12/2018,14.17,14.54,14.08,13.18133,14.12,5341300,1971.83
8/11/2018,14.5,14.6,14.14,13.302689,14.25,3600600,1839.77
8/8/2018,14.23,14.44,14.04,13.32136,14.27,3237900,3610.85
8/7/2018,14.13,14.41,13.92,13.340027,14.29,3425700,2398.36
8/6/2018,14.18,14.43,13.9,13.003961,13.93,3653400,2934.91
8/5/2018,14.01,14.69,14.01,13.582747,14.55,5676300,2762.97
8/4/2018,14.25,14.34,14.04,13.340027,14.29,3390200,2598.58
8/1/2018,14.44,14.56,13.22,12.527866,13.42,7291000,3662.11
7/31/2018,13.25,13.42,13.09,12.378502,13.26,5596900,6392.01
7/30/2018,13.5,13.63,13.28,12.630551,13.53,3511300,4221.98
7/28/2018,13.68,13.86,13.46,12.677229,13.58,3734900,4288.36
7/25/2018,13.68,13.71,13.06,12.238474,13.11,3429600,4866.55
7/24/2018,13.44,13.74,13.42,12.751909,13.66,4165600,4543.21
7/23/2018,13.71,13.94,13.48,12.919942,13.84,3263600,4724.96
7/22/2018,13.95,14.15,13.92,13.134656,14.07,2258600,4300.12
7/21/2018,14.17,14.33,13.95,13.358698,14.31,2316100,3108.11
7/18/2018,14.3,14.35,14.09,13.218672,14.16,2047600,7996.8
7/17/2018,14.19,14.22,13.81,13.013297,13.94,2204500,3358.75
7/16/2018,14,14.17,13.93,13.2,14.14,1970300,3960.97
7/15/2018,14.17,14.34,14.1,13.228005,14.17,1687000,2848.19
7/14/2018,14.57,14.82,14.5,13.601414,14.57,3536100,3695.88
7/11/2018,14.42,14.89,14.25,13.750779,14.73,4104600,4841.91
7/10/2018,14.59,14.99,14.46,13.918816,14.91,4768300,5096.64
7/9/2018,14.93,15.27,14.79,14.142857,15.15,4651000,5442.65
7/8/2018,15.15,15.38,15.15,14.264216,15.28,4951400,5446.75
7/7/2018,15.61,15.8,13.5,13.078643,14.01,23197700,3444.07
7/4/2018,13.83,13.87,13.45,12.863934,13.78,8202900,7163.27
7/3/2018,13.84,14.15,13.8,12.919942,13.84,6122900,9344.38
7/2/2018,13.67,13.71,13.19,12.602549,13.5,7099300,6649.77
7/1/2018,13.66,13.92,13.25,12.471853,13.36,4931900,9371.11
6/30/2018,13.3,13.69,13.25,12.593211,13.49,5769700,10218.17
6/27/2018,13.51,13.8,13.51,12.845262,13.76,3469500,9358.11
6/26/2018,13.75,13.78,13.43,12.742573,13.65,4259300,8519.47
6/25/2018,13.67,13.8,13.32,12.639886,13.54,4238800,7627.68
6/24/2018,13.43,13.7,13.35,12.779917,13.69,3706700,7365.66
6/23/2018,13.67,13.71,13.39,12.677229,13.58,3604200,15024.93
6/20/2018,13.69,13.96,13.32,12.555872,13.45,4619300,4041.91
6/19/2018,13.34,13.65,13.05,12.602549,13.5,3136600,4823.27
6/18/2018,13.4,13.4,13.17,12.425178,13.31,3744900,5065.77
6/17/2018,13.4,13.46,12.94,12.135785,13,5486400,4387.12
6/16/2018,13.25,13.46,13.09,12.39717,13.28,5404500,6818.61
6/13/2018,13.35,13.44,13.17,12.39717,13.28,3706800,10888.76
6/12/2018,13.49,13.88,13.42,12.938616,13.86,5265300,6987.01
6/11/2018,13.78,14.04,13.75,13.050637,13.98,5155900,12678.57
6/10/2018,14.03,14.13,13.71,13.078643,14.01,4130200,20262.26
6/9/2018,14.04,14.24,13.82,13.02263,13.95,5074900,15130.67
6/6/2018,13.98,14.34,13.96,13.218672,14.16,5358700,28176.94
6/5/2018,14,14.02,13.77,12.957286,13.88,4041800,3917.45
6/4/2018,14.07,14.2,13.95,13.041304,13.97,6492700,7258.03
6/3/2018,13.25,13.57,12.66,12.369166,13.25,24188100,4531.68
6/2/2018,13.28,13.49,13.07,12.229139,13.1,7952200,4880.48
5/30/2018,13.1,13.22,13,12.313154,13.19,6408100,6351.86
5/29/2018,13.3,13.55,13.19,12.527866,13.42,6730200,7548.4
5/28/2018,13.48,13.78,13.41,12.583875,13.48,4877500,2593.44
5/27/2018,13.49,13.55,13.06,12.275815,13.15,5090800,2720.85
5/26/2018,13.16,13.29,13.03,12.350497,13.23,5935300,9004.67
5/23/2018,13.22,13.3,13.08,12.238474,13.11,3878500,4730.58
5/22/2018,13.03,13.03,12.73,12.079773,12.94,7382400,5062.35
5/21/2018,12.93,13.05,12.87,12.089111,12.95,4908700,3905.09
5/20/2018,12.92,13.01,12.75,12.005092,12.86,3786900,5141.38
5/19/2018,12.91,13.07,12.81,12.005092,12.86,5210600,7374.52
5/16/2018,12.85,13.34,12.78,12.247809,13.12,11245900,5314.8
5/15/2018,13.09,13.09,12.51,11.8744,12.72,6086000,3207.68
5/14/2018,12.47,12.53,12.19,11.435642,12.25,6840200,2725.39
5/13/2018,12.26,12.4,12.2,11.398302,12.21,5021600,3463.9
5/12/2018,12.34,12.51,12.31,11.547667,12.37,4726800,2598.42
5/9/2018,12.37,12.5,12.3,11.557002,12.38,4130600,1762.88
5/8/2018,12.4,12.43,12.09,11.342292,12.15,4387800,2114.43
5/7/2018,12.26,12.38,12.17,11.519663,12.34,6030600,1424.64
5/6/2018,12.34,12.6,12.24,11.50099,12.32,5004900,1800.54
5/5/2018,12.33,12.45,12.21,11.528997,12.35,4586300,1560.97
5/2/2018,12.42,12.44,12.16,11.351628,12.16,4788900,1796.36
4/30/2018,12.15,12.21,12.11,11.342292,12.15,4126900,3708.75
4/29/2018,12.05,12.14,11.89,11.276946,12.08,4445400,1973.43
4/28/2018,12.08,12.17,11.98,11.276946,12.08,4948600,2217.95
4/25/2018,11.95,12.02,11.73,10.987556,11.77,5816900,2878.25
4/23/2018,11.9,11.99,11.74,11.118245,11.91,5293600,5157.88
4/22/2018,12.03,12.08,11.88,11.2116,12.01,3872300,3541.28
4/21/2018,12.02,12.08,11.83,11.071571,11.86,7170900,4642.58
4/17/2018,11.87,11.89,11.41,10.698165,11.46,6739900,7195.4
4/16/2018,11.36,11.45,11.22,10.62348,11.38,4291400,1740.82
4/15/2018,11.46,11.47,11.07,10.474115,11.22,5136900,2245.4
4/11/2018,11.18,11.5,11.14,10.632816,11.39,5318800,2734.32
4/10/2018,11.33,11.49,11.15,10.455445,11.2,4229100,3102.94
4/9/2018,11.07,11.19,10.89,10.334085,11.07,6121900,4917.5
4/7/2018,11.01,11.23,10.99,10.287414,11.02,4120600,2224.22
4/4/2018,10.77,10.84,10.54,9.970014,10.68,5993000,2998
4/3/2018,10.73,10.73,10.24,9.699292,10.39,8302000,3557.03
4/2/2018,10.55,10.72,10.39,9.932673,10.64,6719100,3983.2
4/1/2018,10.7,10.96,10.56,10.231402,10.96,5923500,7412.34
3/31/2018,10.89,10.91,10.59,9.885999,10.59,4636900,6228.57
3/28/2018,10.68,10.76,10.41,9.717963,10.41,5186500,5700.15
3/27/2018,10.52,10.7,10.38,9.867328,10.57,5109200,4474.49
3/26/2018,10.39,10.76,10.39,10.035361,10.75,6533200,2526.9
3/25/2018,10.79,11.54,10.75,10.427443,11.17,17054900,1736.63
3/24/2018,11.34,11.39,11.07,10.492787,11.24,9453600,1776.32
3/22/2018,11.06,11.47,10.87,10.520794,11.27,9029100,179.78
3/21/2018,11.26,11.43,11.11,10.446112,11.19,8842500,3999.94
3/20/2018,11.34,11.63,11.28,10.828857,11.6,9508300,2243.74
3/19/2018,11.6,11.96,11.41,11.13692,11.93,11147000,2815.35
3/18/2018,12.26,12.36,10.72,10.56747,11.32,24460000,1329.52
3/14/2018,11.32,11.33,10.74,10.250072,10.98,10063400,1760.76
3/13/2018,10.95,11.4,10.81,10.530129,11.28,8769000,1793.26
3/12/2018,11.19,11.24,11.01,10.399434,11.14,6217700,3090.43
3/11/2018,11.12,11.29,10.83,10.175387,10.9,6348400,3045.88
3/10/2018,10.93,11.11,10.77,10.119378,10.84,7033100,3064.66
3/7/2018,10.78,10.99,10.71,10.156718,10.88,4396800,4163.87
3/6/2018,10.8,10.87,10.37,10.119378,10.84,6814600,4256.23
3/5/2018,10.57,10.59,10.27,9.717963,10.41,10625700,3259.93
3/4/2018,10.55,10.58,10.08,9.615276,10.3,10938400,4182.18
3/3/2018,10.19,10.83,10.14,9.848658,10.55,9226000,4105.11
2/28/2018,10.42,10.78,10.42,9.895333,10.6,6403200,2600.32
2/26/2018,10.55,10.57,10.17,9.512589,10.19,6990700,2619.52
2/25/2018,10.32,11,10.25,9.979349,10.69,11404200,1469.54
2/24/2018,10.71,10.73,10.17,9.540594,10.22,5518700,873.85
2/21/2018,10.27,10.31,10,9.372561,10.04,5314100,1711.81
2/20/2018,10.06,10.45,10.03,9.717963,10.41,4620700,1105.59
2/19/2018,10.47,10.77,10.38,9.904669,10.61,5025400,1241.11
2/18/2018,10.53,10.58,10.05,9.820653,10.52,8111300,1811.73
2/17/2018,10.48,10.54,10.2,9.727301,10.42,4283500,1500
2/14/2018,10.38,10.7,10.37,9.885999,10.59,3723200,1490.75
2/13/2018,10.64,10.98,10.64,10.231402,10.96,4083100,1979.3
2/12/2018,10.73,10.79,10.34,9.661954,10.35,6477000,2145.07
2/11/2018,10.32,10.49,9.98,9.755301,10.45,9327400,2119.11
2/10/2018,10.12,10.13,9.82,9.213861,9.87,8425900,2030.88
2/7/2018,9.87,9.99,9.24,8.812447,9.44,9847800,2944.82
2/6/2018,9.4,9.62,9.35,8.9058,9.54,5081200,4119.2
2/5/2018,9.65,9.99,9.65,9.29788,9.96,4989700,2041.25
2/4/2018,10.17,10.46,10,9.596608,10.28,7679200,4052.98
2/3/2018,10.22,10.51,10.12,9.792645,10.49,4626100,3023.42
1/31/2018,10.63,10.66,10.12,9.484583,10.16,4913000,3603.27
1/30/2018,10.21,10.51,10.15,9.78331,10.48,6654300,7005.22
1/29/2018,10.39,10.83,10.25,9.727301,10.42,8245400,3477.95
1/28/2018,10.42,10.75,10.18,9.914003,10.62,5859700,3211.22
1/27/2018,10.72,11.05,10.62,10.287414,11.02,5606700,2557.45
1/24/2018,10.97,11.18,10.76,10.194061,10.92,11357300,2929.81
1/23/2018,11,11.75,10.98,10.763509,11.53,10054200,1769.79
1/22/2018,11.6,11.78,11.45,10.875532,11.65,5915500,6885.96
1/21/2018,11.73,11.78,11.13,10.464782,11.21,6707600,2959.65
1/20/2018,11.33,11.49,11.23,10.698165,11.46,5568000,3774.17
1/17/2018,11.26,11.26,10.82,10.250072,10.98,6561400,2784.42
1/16/2018,11,11.15,10.84,10.352758,11.09,4545800,3209.54
1/15/2018,11.12,11.52,11.09,10.670156,11.43,4783400,1695.44
1/14/2018,11.29,11.64,11.27,10.828857,11.6,6482900,3309.89
1/13/2018,11.92,11.94,11.65,11.024894,11.81,7046400,3600.63
1/10/2018,11.8,11.81,11.3,10.660821,11.42,5491300,3988.81
1/9/2018,11.43,11.62,11.28,10.679491,11.44,3526700,2738.72
1/8/2018,11.4,11.65,11.21,10.847526,11.62,5870100,3343.22
1/7/2018,11.39,11.44,11,10.352758,11.09,5288200,1950.31
1/6/2018,11.07,11.15,10.85,10.259405,10.99,5097600,2411.31
1/3/2018,11.13,11.2,10.77,10.110043,10.83,6326000,2819.87
1/2/2018,10.78,10.83,10.48,9.867328,10.57,7125600,3351.03
1/1/2018,10.52,10.52,10.08,9.559262,10.24,8379200,3160.15
12/31/2017,10.26,10.53,10.14,9.559262,10.24,11507900,3620.28
12/30/2017,10.26,10.37,10,9.437908,10.11,5493200,5054.86
12/27/2017,10.21,10.31,9.94,9.484583,10.16,8525200,5797.01
12/26/2017,10.1,10.32,10.08,9.484583,10.16,5141900,16618.38
12/24/2017,10.2,10.25,10.05,9.419234,10.09,4526300,4683.08
12/23/2017,9.94,10.16,9.79,9.157849,9.81,5715400,4817.62
12/20/2017,9.65,10.1,9.55,9.372561,10.04,9496300,8298.94
12/19/2017,10.27,10.33,9.7,9.148517,9.8,7514900,2704.13
12/18/2017,9.88,9.95,9.62,9.092505,9.74,5801700,2462.36
12/17/2017,9.96,10,9.75,9.232532,9.89,6756900,2443.6
12/16/2017,10.03,10.94,10.02,9.867328,10.57,11134100,1834.35
12/13/2017,10.53,10.68,10.32,9.680625,10.37,6807500,1608.29
12/12/2017,10.61,11.59,10.6,10.688828,11.45,17721700,1745.97
12/11/2017,11.51,12.6,11.29,10.74484,11.51,17266900,1889.48
12/10/2017,11.31,11.43,10.86,10.296747,11.03,8047400,2689.55
12/9/2017,11.32,11.51,11.11,10.418106,11.16,8879200,3674.98
12/6/2017,11.34,11.37,10.97,10.511457,11.26,6098600,2029.35
12/5/2017,11.32,11.6,11.17,10.754173,11.52,7051900,2304.46
12/4/2017,11.44,11.73,11.29,10.85686,11.63,6402600,2267.72
12/3/2017,11.61,11.78,11.46,10.912872,11.69,4986700,3286.14
12/2/2017,11.68,11.83,11.55,10.959547,11.74,3992700,3091.19
11/29/2017,11.68,11.96,11.6,11.034229,11.82,4547400,3005.77
11/28/2017,11.92,11.97,11.57,10.875532,11.65,4559900,5318.02
11/27/2017,11.68,11.81,11.53,10.866198,11.64,5464400,2699.14
11/26/2017,11.72,11.88,11.63,10.987556,11.77,4991600,3641.28
11/25/2017,11.84,12.06,11.8,11.239605,12.04,4883400,3285.91
11/22/2017,12,12.15,11.86,11.323623,12.13,4842200,3306.1
11/21/2017,12.15,12.31,11.88,11.192928,11.99,6927500,4355.49
11/20/2017,11.89,11.95,11.73,11.071571,11.86,5612100,4034.8
11/19/2017,11.85,12.01,11.68,11.071571,11.86,5668900,5596.79
11/18/2017,11.75,12.02,11.67,11.090242,11.88,2863000,8407.83
11/14/2017,11.88,12.03,11.65,10.912872,11.69,3303400,6161.68
11/13/2017,11.69,11.83,11.57,10.810184,11.58,3835900,17299.48
11/12/2017,11.57,11.91,11.52,11.080907,11.87,3528500,2891.59
11/11/2017,11.77,11.92,11.71,10.996888,11.78,3420600,3059.76
11/8/2017,11.88,12.26,11.84,11.388968,12.2,7100200,1883.24
11/7/2017,12.14,12.27,11.9,11.314285,12.12,4486600,3874.98
11/6/2017,12.1,12.57,12,11.706367,12.54,5944400,3437.64
11/5/2017,12.63,13.15,12.63,12.117115,12.98,6304900,2960.86
11/3/2017,12.98,13.2,12.94,12.285148,13.16,5235200,868.66
11/1/2017,13.1,13.25,13.09,12.247809,13.12,5114700,6227.17
10/31/2017,13.15,13.26,12.98,12.191799,13.06,5386600,4991.85
10/30/2017,13.19,13.31,12.93,12.154457,13.02,3974300,3158.04
10/29/2017,13.01,13.4,12.88,12.39717,13.28,5251200,3350.14
10/28/2017,13.33,13.52,13.32,12.611883,13.51,4579100,1733.67
10/25/2017,13.5,13.5,13.12,12.285148,13.16,2841600,7337.93
10/24/2017,13.08,13.12,12.81,12.089111,12.95,3713500,8096.77
10/23/2017,13,13.54,12.93,12.583875,13.48,5211600,1950.57
10/22/2017,13.3,13.42,13.05,12.490524,13.38,3409300,2583.68
10/21/2017,13.29,13.4,12.67,11.883735,12.73,10947500,5252.89
10/18/2017,12.71,12.94,12.62,11.93041,12.78,5906800,4163.49
10/17/2017,12.82,12.85,12.13,11.360963,12.17,4776000,4381.6
10/15/2017,12.13,12.17,11.87,11.192928,11.99,5010900,1805.49
10/14/2017,12.71,12.77,12.35,11.631686,12.46,5872600,2039.09
10/11/2017,12.35,12.4,12.13,11.379633,12.19,3650600,3030.76
10/10/2017,12.35,12.55,12.21,11.48232,12.3,4084600,4978.8
10/9/2017,12.37,12.4,12.07,11.566339,12.39,3985500,3204.49
10/8/2017,12.4,12.54,12.33,11.594344,12.42,3183900,2688.94
